{
  "protocol_version" : "0.0.4",
  "configuration" : {
    "version" : "(6.4.0.208) (2019-06/07c23f2ca43)",
    "tlc" : "normal",
    "sigsgev" : "altstack",
    "notifications" : "kqueue",
    "architecture" : "x86",
    "disabled_features" : "none",
    "smallconfig" : "disabled",
    "bigarrays" : "disabled",
    "softdebug" : "enabled",
    "interpreter" : "enabled",
    "llvm_support" : "0",
    "suspend" : "hybrid"
  },
  "memory" : {
    "Resident Size" : "64708608",
    "Virtual Size" : "872992768",
    "minor_gc_time" : "0",
    "major_gc_time" : "0",
    "minor_gc_count" : "0",
    "major_gc_count" : "0",
    "major_gc_time_concurrent" : "0"
 },
  "threads" : [
 {
    "is_managed" : false,
    "offset_free_hash" : "0x0",
    "offset_rich_hash" : "0x0",
    "crashed" : false,
    "native_thread_id" : "0xffffffffb1006000",
    "thread_info_addr" : "0x7c1b5a00",
    "thread_name" : "Thread Pool I/O Selector",
    "ctx" : {
      "IP" : "0xa7c032b2",
      "SP" : "0xb1005c5c",
      "BP" : "0xb1005e18"
  },
    "unmanaged_frames" : [
  {
      "native_address" : "unregistered"
   }
,
  {
      "native_address" : "unregistered"
   }
,
  {
      "native_address" : "unregistered"
   }
,
  {
      "native_address" : "unregistered"
   }
,
  {
      "native_address" : "unregistered"
   }
,
  {
      "native_address" : "unregistered"
   }
,
  {
      "native_address" : "unregistered"
   }
,
  {
      "native_address" : "unregistered"
   }
,
  {
      "native_address" : "unregistered"
   }
,
  {
      "native_address" : "unregistered"
   }
,
  {
      "native_address" : "unregistered"
   }
,
  {
      "native_address" : "unregistered"
   }

  ]
 },
 {
    "is_managed" : true,
    "offset_free_hash" : "0x727593ccd",
    "offset_rich_hash" : "0x727593e34",
    "crashed" : false,
    "native_thread_id" : "0xffffffffb0b7a000",
    "thread_info_addr" : "0x7d12b800",
    "thread_name" : "tid_2603",
    "ctx" : {
      "IP" : "0x5f77d0f",
      "SP" : "0xb0b79ae0",
      "BP" : "0xb0b79b18"
  },
    "managed_frames" : [
  {
      "is_managed" : "true",
      "guid" : "80F65829-9C28-48B9-B675-96EFD6E831AC",
      "token" : "0x6000013",
      "native_offset" : "0x0",
      "filename" : "GTK_Demo_Client.exe",
      "sizeofimage" : "0xc000",
      "timestamp" : "0x5de22ed3",
      "il_offset" : "0x00006"
   }
,
  {
      "is_managed" : "true",
      "guid" : "80F65829-9C28-48B9-B675-96EFD6E831AC",
      "token" : "0x6000024",
      "native_offset" : "0x0",
      "filename" : "GTK_Demo_Client.exe",
      "sizeofimage" : "0xc000",
      "timestamp" : "0x5de22ed3",
      "il_offset" : "0x00007"
   }
,
  {
      "is_managed" : "true",
      "guid" : "80F65829-9C28-48B9-B675-96EFD6E831AC",
      "token" : "0x6000023",
      "native_offset" : "0x0",
      "filename" : "GTK_Demo_Client.exe",
      "sizeofimage" : "0xc000",
      "timestamp" : "0x5de22ed3",
      "il_offset" : "0x000a3"
   }
,
  {
      "is_managed" : "true",
      "guid" : "BA70B917-36BD-40CB-990A-357097DBA9C3",
      "token" : "0x6001f16",
      "native_offset" : "0x0",
      "filename" : "mscorlib.dll",
      "sizeofimage" : "0x470000",
      "timestamp" : "0x8c371253",
      "il_offset" : "0x00014"
   }
,
  {
      "is_managed" : "true",
      "guid" : "BA70B917-36BD-40CB-990A-357097DBA9C3",
      "token" : "0x6001ebe",
      "native_offset" : "0x0",
      "filename" : "mscorlib.dll",
      "sizeofimage" : "0x470000",
      "timestamp" : "0x8c371253",
      "il_offset" : "0x00071"
   }
,
  {
      "is_managed" : "true",
      "guid" : "BA70B917-36BD-40CB-990A-357097DBA9C3",
      "token" : "0x6001ebc",
      "native_offset" : "0x0",
      "filename" : "mscorlib.dll",
      "sizeofimage" : "0x470000",
      "timestamp" : "0x8c371253",
      "il_offset" : "0x00000"
   }
,
  {
      "is_managed" : "true",
      "guid" : "BA70B917-36BD-40CB-990A-357097DBA9C3",
      "token" : "0x6001ebb",
      "native_offset" : "0x0",
      "filename" : "mscorlib.dll",
      "sizeofimage" : "0x470000",
      "timestamp" : "0x8c371253",
      "il_offset" : "0x0002b"
   }
,
  {
      "is_managed" : "true",
      "guid" : "BA70B917-36BD-40CB-990A-357097DBA9C3",
      "token" : "0x6001f18",
      "native_offset" : "0x0",
      "filename" : "mscorlib.dll",
      "sizeofimage" : "0x470000",
      "timestamp" : "0x8c371253",
      "il_offset" : "0x00008"
   }
,
  {
      "is_managed" : "true",
      "guid" : "BA70B917-36BD-40CB-990A-357097DBA9C3",
      "token" : "0x00000",
      "native_offset" : "0x0",
      "filename" : "mscorlib.dll",
      "sizeofimage" : "0x470000",
      "timestamp" : "0x8c371253",
      "il_offset" : "0xffffffff"
   }

  ],
  "unmanaged_frames" : [
 {
    "native_address" : "unregistered"
  }
,
 {
    "native_address" : "unregistered"
  }
,
 {
    "native_address" : "unregistered"
  }
,
 {
    "native_address" : "unregistered"
  }
,
 {
    "native_address" : "unregistered"
  }
,
 {
    "native_address" : "unregistered"
  }
,
 {
    "native_address" : "unregistered"
  }
,
 {
    "native_address" : "unregistered"
  }
,
 {
    "native_address" : "unregistered"
  }
,
 {
    "native_address" : "unregistered"
  }
,
 {
    "native_address" : "unregistered"
  }
,
 {
    "native_address" : "unregistered"
  }
,
 {
    "native_address" : "unregistered"
  }
,
 {
    "native_address" : "unregistered"
  }
,
 {
    "native_address" : "unregistered"
  }
,
 {
    "native_address" : "unregistered"
  }
,
 {
    "native_address" : "unregistered"
  }
,
 {
    "native_address" : "unregistered"
  }
,
 {
    "native_address" : "unregistered"
  }
,
 {
    "native_address" : "unregistered"
  }
,
 {
    "native_address" : "unregistered"
  }
,
 {
    "native_address" : "unregistered"
  }

 ]
},
{
  "is_managed" : true,
  "offset_free_hash" : "0x24ce3bd02",
  "offset_rich_hash" : "0x24ce3bd60",
  "crashed" : true,
  "native_thread_id" : "0x5e4080",
  "thread_info_addr" : "0x7c90f400",
  "thread_name" : "tid_303",
  "ctx" : {
    "IP" : "0x2547063",
    "SP" : "0xbff9cab0",
    "BP" : "0xbff9caf8"
 },
  "managed_frames" : [
 {
    "native_address" : "unregistered"
  }
,
 {
    "is_managed" : "true",
    "guid" : "426A4590-353F-4268-97D5-A3E1EB51B9B8",
    "token" : "0x00000",
    "native_offset" : "0x0",
    "filename" : "gtk-sharp.dll",
    "sizeofimage" : "0x16a000",
    "timestamp" : "0x0",
    "il_offset" : "0xffffffff"
  }
,
 {
    "is_managed" : "true",
    "guid" : "426A4590-353F-4268-97D5-A3E1EB51B9B8",
    "token" : "0x6004038",
    "native_offset" : "0x0",
    "filename" : "gtk-sharp.dll",
    "sizeofimage" : "0x16a000",
    "timestamp" : "0x0",
    "il_offset" : "0x00001"
  }
,
 {
    "is_managed" : "true",
    "guid" : "80F65829-9C28-48B9-B675-96EFD6E831AC",
    "token" : "0x6000008",
    "native_offset" : "0x0",
    "filename" : "GTK_Demo_Client.exe",
    "sizeofimage" : "0xc000",
    "timestamp" : "0x5de22ed3",
    "il_offset" : "0x0005f"
  }
,
 {
    "is_managed" : "true",
    "guid" : "80F65829-9C28-48B9-B675-96EFD6E831AC",
    "token" : "0x00000",
    "native_offset" : "0x0",
    "filename" : "GTK_Demo_Client.exe",
    "sizeofimage" : "0xc000",
    "timestamp" : "0x5de22ed3",
    "il_offset" : "0xffffffff"
  }

 ]
},
{
  "is_managed" : false,
  "offset_free_hash" : "0x0",
  "offset_rich_hash" : "0x0",
  "crashed" : false,
  "native_thread_id" : "0xffffffffb140e000",
  "thread_info_addr" : "0x7c9ad000",
  "thread_name" : "Thread Pool Worker",
  "ctx" : {
    "IP" : "0xa7bfc226",
    "SP" : "0xb140de6c",
    "BP" : "0xb140df08"
 },
  "unmanaged_frames" : [
 {
    "native_address" : "unregistered"
  }
,
 {
    "native_address" : "unregistered"
  }
,
 {
    "native_address" : "unregistered"
  }
,
 {
    "native_address" : "unregistered"
  }
,
 {
    "native_address" : "unregistered"
  }
,
 {
    "native_address" : "unregistered"
  }
,
 {
    "native_address" : "unregistered"
  }
,
 {
    "native_address" : "unregistered"
  }
,
 {
    "native_address" : "unregistered"
  }
,
 {
    "native_address" : "unregistered"
  }

 ]
},
{
  "is_managed" : false,
  "offset_free_hash" : "0x0",
  "offset_rich_hash" : "0x0",
  "crashed" : false,
  "native_thread_id" : "0xffffffffb1108000",
  "thread_info_addr" : "0x7c1ce800",
  "thread_name" : "tid_9d03",
  "ctx" : {
    "IP" : "0xa7bff7aa",
    "SP" : "0xb1107d7c",
    "BP" : "0xb1107df8"
 },
  "unmanaged_frames" : [
 {
    "native_address" : "unregistered"
  }
,
 {
    "native_address" : "unregistered"
  }
,
 {
    "native_address" : "unregistered"
  }
,
 {
    "native_address" : "unregistered"
  }
,
 {
    "native_address" : "unregistered"
  }
,
 {
    "native_address" : "unregistered"
  }
,
 {
    "native_address" : "unregistered"
  }
,
 {
    "native_address" : "unregistered"
  }
,
 {
    "native_address" : "unregistered"
  }
,
 {
    "native_address" : "unregistered"
  }
,
 {
    "native_address" : "unregistered"
  }
,
 {
    "native_address" : "unregistered"
  }
,
 {
    "native_address" : "unregistered"
  }
,
 {
    "native_address" : "unregistered"
  }

 ]
},
{
  "is_managed" : true,
  "offset_free_hash" : "0x682392ee8",
  "offset_rich_hash" : "0x682392fe1",
  "crashed" : false,
  "native_thread_id" : "0xffffffffb0c7c000",
  "thread_info_addr" : "0x7b91fa00",
  "thread_name" : "tid_1903",
  "ctx" : {
    "IP" : "0xa7bfc1d2",
    "SP" : "0xb0c74aec",
    "BP" : "0xb0c74b28"
 },
  "managed_frames" : [
 {
    "native_address" : "unregistered"
  }
,
 {
    "is_managed" : "true",
    "guid" : "426A4590-353F-4268-97D5-A3E1EB51B9B8",
    "token" : "0x00000",
    "native_offset" : "0x0",
    "filename" : "gtk-sharp.dll",
    "sizeofimage" : "0x16a000",
    "timestamp" : "0x0",
    "il_offset" : "0xffffffff"
  }
,
 {
    "is_managed" : "true",
    "guid" : "426A4590-353F-4268-97D5-A3E1EB51B9B8",
    "token" : "0x6003d4a",
    "native_offset" : "0x0",
    "filename" : "gtk-sharp.dll",
    "sizeofimage" : "0x16a000",
    "timestamp" : "0x0",
    "il_offset" : "0x00007"
  }
,
 {
    "is_managed" : "true",
    "guid" : "80F65829-9C28-48B9-B675-96EFD6E831AC",
    "token" : "0x600000e",
    "native_offset" : "0x0",
    "filename" : "GTK_Demo_Client.exe",
    "sizeofimage" : "0xc000",
    "timestamp" : "0x5de22ed3",
    "il_offset" : "0x00030"
  }
,
 {
    "is_managed" : "true",
    "guid" : "80F65829-9C28-48B9-B675-96EFD6E831AC",
    "token" : "0x600000d",
    "native_offset" : "0x0",
    "filename" : "GTK_Demo_Client.exe",
    "sizeofimage" : "0xc000",
    "timestamp" : "0x5de22ed3",
    "il_offset" : "0x0000c"
  }
,
 {
    "is_managed" : "true",
    "guid" : "BA70B917-36BD-40CB-990A-357097DBA9C3",
    "token" : "0x6001f16",
    "native_offset" : "0x0",
    "filename" : "mscorlib.dll",
    "sizeofimage" : "0x470000",
    "timestamp" : "0x8c371253",
    "il_offset" : "0x00014"
  }
,
 {
    "is_managed" : "true",
    "guid" : "BA70B917-36BD-40CB-990A-357097DBA9C3",
    "token" : "0x6001ebe",
    "native_offset" : "0x0",
    "filename" : "mscorlib.dll",
    "sizeofimage" : "0x470000",
    "timestamp" : "0x8c371253",
    "il_offset" : "0x00071"
  }
,
 {
    "is_managed" : "true",
    "guid" : "BA70B917-36BD-40CB-990A-357097DBA9C3",
    "token" : "0x6001ebc",
    "native_offset" : "0x0",
    "filename" : "mscorlib.dll",
    "sizeofimage" : "0x470000",
    "timestamp" : "0x8c371253",
    "il_offset" : "0x00000"
  }
,
 {
    "is_managed" : "true",
    "guid" : "BA70B917-36BD-40CB-990A-357097DBA9C3",
    "token" : "0x6001ebb",
    "native_offset" : "0x0",
    "filename" : "mscorlib.dll",
    "sizeofimage" : "0x470000",
    "timestamp" : "0x8c371253",
    "il_offset" : "0x0002b"
  }
,
 {
    "is_managed" : "true",
    "guid" : "BA70B917-36BD-40CB-990A-357097DBA9C3",
    "token" : "0x6001f18",
    "native_offset" : "0x0",
    "filename" : "mscorlib.dll",
    "sizeofimage" : "0x470000",
    "timestamp" : "0x8c371253",
    "il_offset" : "0x00008"
  }
,
 {
    "is_managed" : "true",
    "guid" : "BA70B917-36BD-40CB-990A-357097DBA9C3",
    "token" : "0x00000",
    "native_offset" : "0x0",
    "filename" : "mscorlib.dll",
    "sizeofimage" : "0x470000",
    "timestamp" : "0x8c371253",
    "il_offset" : "0xffffffff"
  }

 ],
"unmanaged_frames" : [
{
  "native_address" : "unregistered"
 }
,
{
  "native_address" : "unregistered"
 }
,
{
  "native_address" : "unregistered"
 }
,
{
  "native_address" : "unregistered"
 }
,
{
  "native_address" : "unregistered"
 }
,
{
  "native_address" : "unregistered"
 }
,
{
  "native_address" : "unregistered"
 }
,
{
  "native_address" : "unregistered"
 }
,
{
  "native_address" : "unregistered"
 }
,
{
  "native_address" : "unregistered"
 }
,
{
  "native_address" : "unregistered"
 }
,
{
  "native_address" : "unregistered"
 }
,
{
  "native_address" : "unregistered"
 }
,
{
  "native_address" : "unregistered"
 }
,
{
  "native_address" : "unregistered"
 }
,
{
  "native_address" : "unregistered"
 }
,
{
  "native_address" : "unregistered"
 }
,
{
  "native_address" : "unregistered"
 }
,
{
  "native_address" : "unregistered"
 }
,
{
  "native_address" : "unregistered"
 }
,
{
  "native_address" : "unregistered"
 }
,
{
  "native_address" : "unregistered"
 }
,
{
  "native_address" : "unregistered"
 }
,
{
  "native_address" : "unregistered"
 }
,
{
  "native_address" : "unregistered"
 }
,
{
  "native_address" : "unregistered"
 }
,
{
  "native_address" : "unregistered"
 }
,
{
  "native_address" : "unregistered"
 }
,
{
  "native_address" : "unregistered"
 }
,
{
  "native_address" : "unregistered"
 }
,
{
  "native_address" : "unregistered"
 }
,
{
  "native_address" : "unregistered"
 }
,
{
  "native_address" : "unregistered"
 }
,
{
  "native_address" : "unregistered"
 }
,
{
  "native_address" : "unregistered"
 }
,
{
  "native_address" : "unregistered"
 }
,
{
  "native_address" : "unregistered"
 }
,
{
  "native_address" : "unregistered"
 }
,
{
  "native_address" : "unregistered"
 }
,
{
  "native_address" : "unregistered"
 }
,
{
  "native_address" : "unregistered"
 }
,
{
  "native_address" : "unregistered"
 }
,
{
  "native_address" : "unregistered"
 }
,
{
  "native_address" : "unregistered"
 }
,
{
  "native_address" : "unregistered"
 }
,
{
  "native_address" : "unregistered"
 }
,
{
  "native_address" : "unregistered"
 }
,
{
  "native_address" : "unregistered"
 }
,
{
  "native_address" : "unregistered"
 }
,
{
  "native_address" : "unregistered"
 }
,
{
  "native_address" : "unregistered"
 }
,
{
  "native_address" : "unregistered"
 }
,
{
  "native_address" : "unregistered"
 }
,
{
  "native_address" : "unregistered"
 }
,
{
  "native_address" : "unregistered"
 }
,
{
  "native_address" : "unregistered"
 }
,
{
  "native_address" : "unregistered"
 }
,
{
  "native_address" : "unregistered"
 }
,
{
  "native_address" : "unregistered"
 }
,
{
  "native_address" : "unregistered"
 }
,
{
  "native_address" : "unregistered"
 }
,
{
  "native_address" : "unregistered"
 }
,
{
  "native_address" : "unregistered"
 }
,
{
  "native_address" : "unregistered"
 }
,
{
  "native_address" : "unregistered"
 }
,
{
  "native_address" : "unregistered"
 }
,
{
  "native_address" : "unregistered"
 }
,
{
  "native_address" : "unregistered"
 }
,
{
  "native_address" : "unregistered"
 }
,
{
  "native_address" : "unregistered"
 }
,
{
  "native_address" : "unregistered"
 }
,
{
  "native_address" : "unregistered"
 }
,
{
  "native_address" : "unregistered"
 }
,
{
  "native_address" : "unregistered"
 }
,
{
  "native_address" : "unregistered"
 }
,
{
  "native_address" : "unregistered"
 }
,
{
  "native_address" : "unregistered"
 }
,
{
  "native_address" : "unregistered"
 }
,
{
  "native_address" : "unregistered"
 }
,
{
  "native_address" : "unregistered"
 }

]
},
{
"is_managed" : false,
"offset_free_hash" : "0x0",
"offset_rich_hash" : "0x0",
"crashed" : false,
"native_thread_id" : "0xffffffffb0976000",
"thread_info_addr" : "0x7c113600",
"thread_name" : "Finalizer",
"ctx" : {
  "IP" : "0xa7bfc20e",
  "SP" : "0xb0975e7c",
  "BP" : "0xb0975f08"
},
"unmanaged_frames" : [
{
  "native_address" : "unregistered"
 }
,
{
  "native_address" : "unregistered"
 }
,
{
  "native_address" : "unregistered"
 }
,
{
  "native_address" : "unregistered"
 }
,
{
  "native_address" : "unregistered"
 }
,
{
  "native_address" : "unregistered"
 }
,
{
  "native_address" : "unregistered"
 }
,
{
  "native_address" : "unregistered"
 }
,
{
  "native_address" : "unregistered"
 }
,
{
  "native_address" : "unregistered"
 }

]
},
{
"is_managed" : false,
"offset_free_hash" : "0x0",
"offset_rich_hash" : "0x0",
"crashed" : false,
"native_thread_id" : "0xffffffffb120a000",
"thread_info_addr" : "0x7d1aa200",
"thread_name" : "Thread Pool Worker",
"ctx" : {
  "IP" : "0xa7bfc226",
  "SP" : "0xb1209e6c",
  "BP" : "0xb1209f08"
},
"unmanaged_frames" : [
{
  "native_address" : "unregistered"
 }
,
{
  "native_address" : "unregistered"
 }
,
{
  "native_address" : "unregistered"
 }
,
{
  "native_address" : "unregistered"
 }
,
{
  "native_address" : "unregistered"
 }
,
{
  "native_address" : "unregistered"
 }
,
{
  "native_address" : "unregistered"
 }
,
{
  "native_address" : "unregistered"
 }
,
{
  "native_address" : "unregistered"
 }
,
{
  "native_address" : "unregistered"
 }

]
},
{
"is_managed" : true,
"offset_free_hash" : "0x727593cb4",
"offset_rich_hash" : "0x727593db4",
"crashed" : false,
"native_thread_id" : "0xffffffffb0d7e000",
"thread_info_addr" : "0x7c117a00",
"thread_name" : "tid_1b03",
"ctx" : {
  "IP" : "0x3180595",
  "SP" : "0xb0d7db40",
  "BP" : "0xb0d7db98"
},
"managed_frames" : [
{
  "is_managed" : "true",
  "guid" : "80F65829-9C28-48B9-B675-96EFD6E831AC",
  "token" : "0x600001e",
  "native_offset" : "0x0",
  "filename" : "GTK_Demo_Client.exe",
  "sizeofimage" : "0xc000",
  "timestamp" : "0x5de22ed3",
  "il_offset" : "0x00030"
 }
,
{
  "is_managed" : "true",
  "guid" : "80F65829-9C28-48B9-B675-96EFD6E831AC",
  "token" : "0x6000012",
  "native_offset" : "0x0",
  "filename" : "GTK_Demo_Client.exe",
  "sizeofimage" : "0xc000",
  "timestamp" : "0x5de22ed3",
  "il_offset" : "0x0000a"
 }
,
{
  "is_managed" : "true",
  "guid" : "80F65829-9C28-48B9-B675-96EFD6E831AC",
  "token" : "0x6000011",
  "native_offset" : "0x0",
  "filename" : "GTK_Demo_Client.exe",
  "sizeofimage" : "0xc000",
  "timestamp" : "0x5de22ed3",
  "il_offset" : "0x0000f"
 }
,
{
  "is_managed" : "true",
  "guid" : "BA70B917-36BD-40CB-990A-357097DBA9C3",
  "token" : "0x6001f16",
  "native_offset" : "0x0",
  "filename" : "mscorlib.dll",
  "sizeofimage" : "0x470000",
  "timestamp" : "0x8c371253",
  "il_offset" : "0x00014"
 }
,
{
  "is_managed" : "true",
  "guid" : "BA70B917-36BD-40CB-990A-357097DBA9C3",
  "token" : "0x6001ebe",
  "native_offset" : "0x0",
  "filename" : "mscorlib.dll",
  "sizeofimage" : "0x470000",
  "timestamp" : "0x8c371253",
  "il_offset" : "0x00071"
 }
,
{
  "is_managed" : "true",
  "guid" : "BA70B917-36BD-40CB-990A-357097DBA9C3",
  "token" : "0x6001ebc",
  "native_offset" : "0x0",
  "filename" : "mscorlib.dll",
  "sizeofimage" : "0x470000",
  "timestamp" : "0x8c371253",
  "il_offset" : "0x00000"
 }
,
{
  "is_managed" : "true",
  "guid" : "BA70B917-36BD-40CB-990A-357097DBA9C3",
  "token" : "0x6001ebb",
  "native_offset" : "0x0",
  "filename" : "mscorlib.dll",
  "sizeofimage" : "0x470000",
  "timestamp" : "0x8c371253",
  "il_offset" : "0x0002b"
 }
,
{
  "is_managed" : "true",
  "guid" : "BA70B917-36BD-40CB-990A-357097DBA9C3",
  "token" : "0x6001f18",
  "native_offset" : "0x0",
  "filename" : "mscorlib.dll",
  "sizeofimage" : "0x470000",
  "timestamp" : "0x8c371253",
  "il_offset" : "0x00008"
 }
,
{
  "is_managed" : "true",
  "guid" : "BA70B917-36BD-40CB-990A-357097DBA9C3",
  "token" : "0x00000",
  "native_offset" : "0x0",
  "filename" : "mscorlib.dll",
  "sizeofimage" : "0x470000",
  "timestamp" : "0x8c371253",
  "il_offset" : "0xffffffff"
 }

],
"unmanaged_frames" : [
{
"native_address" : "unregistered"
}
,
{
"native_address" : "unregistered"
}
,
{
"native_address" : "unregistered"
}
,
{
"native_address" : "unregistered"
}
,
{
"native_address" : "unregistered"
}
,
{
"native_address" : "unregistered"
}
,
{
"native_address" : "unregistered"
}
,
{
"native_address" : "unregistered"
}
,
{
"native_address" : "unregistered"
}
,
{
"native_address" : "unregistered"
}
,
{
"native_address" : "unregistered"
}
,
{
"native_address" : "unregistered"
}
,
{
"native_address" : "unregistered"
}
,
{
"native_address" : "unregistered"
}
,
{
"native_address" : "unregistered"
}
,
{
"native_address" : "unregistered"
}
,
{
"native_address" : "unregistered"
}
,
{
"native_address" : "unregistered"
}
,
{
"native_address" : "unregistered"
}
,
{
"native_address" : "unregistered"
}
,
{
"native_address" : "unregistered"
}
,
{
"native_address" : "unregistered"
}

]
},
{
"is_managed" : false,
"offset_free_hash" : "0x0",
"offset_rich_hash" : "0x0",
"crashed" : false,
"native_thread_id" : "0xffffffffb0a78000",
"thread_info_addr" : "0x7c116e00",
"thread_name" : "Debugger agent",
"ctx" : {
"IP" : "0xa7bff3a6",
"SP" : "0xb0a77aec",
"BP" : "0xb0a77b18"
},
"unmanaged_frames" : [
{
"native_address" : "unregistered"
}
,
{
"native_address" : "unregistered"
}
,
{
"native_address" : "unregistered"
}
,
{
"native_address" : "unregistered"
}
,
{
"native_address" : "unregistered"
}
,
{
"native_address" : "unregistered"
}
,
{
"native_address" : "unregistered"
}
,
{
"native_address" : "unregistered"
}
,
{
"native_address" : "unregistered"
}
,
{
"native_address" : "unregistered"
}
,
{
"native_address" : "unregistered"
}
,
{
"native_address" : "unregistered"
}

]
},
{
"is_managed" : false,
"offset_free_hash" : "0x0",
"offset_rich_hash" : "0x0",
"crashed" : false,
"native_thread_id" : "0xffffffffb130c000",
"thread_info_addr" : "0x7d1d1c00",
"thread_name" : "Thread Pool Worker",
"ctx" : {
"IP" : "0xa7bfc226",
"SP" : "0xb130be6c",
"BP" : "0xb130bf08"
},
"unmanaged_frames" : [
{
"native_address" : "unregistered"
}
,
{
"native_address" : "unregistered"
}
,
{
"native_address" : "unregistered"
}
,
{
"native_address" : "unregistered"
}
,
{
"native_address" : "unregistered"
}
,
{
"native_address" : "unregistered"
}
,
{
"native_address" : "unregistered"
}
,
{
"native_address" : "unregistered"
}
,
{
"native_address" : "unregistered"
}
,
{
"native_address" : "unregistered"
}

]
}
]
}