{
  "protocol_version" : "0.0.4",
  "configuration" : {
    "version" : "(6.4.0.208) (2019-06/07c23f2ca43)",
    "tlc" : "normal",
    "sigsgev" : "altstack",
    "notifications" : "kqueue",
    "architecture" : "x86",
    "disabled_features" : "none",
    "smallconfig" : "disabled",
    "bigarrays" : "disabled",
    "softdebug" : "enabled",
    "interpreter" : "enabled",
    "llvm_support" : "0",
    "suspend" : "hybrid"
  },
  "memory" : {
    "Resident Size" : "64720896",
    "Virtual Size" : "871448576",
    "minor_gc_time" : "0",
    "major_gc_time" : "0",
    "minor_gc_count" : "0",
    "major_gc_count" : "0",
    "major_gc_time_concurrent" : "0"
 },
  "threads" : [
 {
    "is_managed" : true,
    "offset_free_hash" : "0x682392eea",
    "offset_rich_hash" : "0x682392fe3",
    "crashed" : false,
    "native_thread_id" : "0xffffffffb04ca000",
    "thread_info_addr" : "0x7c2a4e00",
    "thread_name" : "tid_2603",
    "ctx" : {
      "IP" : "0xa7bfc1d2",
      "SP" : "0xb04c2aec",
      "BP" : "0xb04c2b28"
  },
    "managed_frames" : [
  {
      "native_address" : "unregistered"
   }
,
  {
      "is_managed" : "true",
      "guid" : "426A4590-353F-4268-97D5-A3E1EB51B9B8",
      "token" : "0x00000",
      "native_offset" : "0x0",
      "filename" : "gtk-sharp.dll",
      "sizeofimage" : "0x16a000",
      "timestamp" : "0x0",
      "il_offset" : "0xffffffff"
   }
,
  {
      "is_managed" : "true",
      "guid" : "426A4590-353F-4268-97D5-A3E1EB51B9B8",
      "token" : "0x6003d4a",
      "native_offset" : "0x0",
      "filename" : "gtk-sharp.dll",
      "sizeofimage" : "0x16a000",
      "timestamp" : "0x0",
      "il_offset" : "0x00007"
   }
,
  {
      "is_managed" : "true",
      "guid" : "2269241C-6B26-409A-B90D-1CD64AA9A7AA",
      "token" : "0x600000f",
      "native_offset" : "0x0",
      "filename" : "GTK_Demo_Client.exe",
      "sizeofimage" : "0xc000",
      "timestamp" : "0x5de23c98",
      "il_offset" : "0x00030"
   }
,
  {
      "is_managed" : "true",
      "guid" : "2269241C-6B26-409A-B90D-1CD64AA9A7AA",
      "token" : "0x600000e",
      "native_offset" : "0x0",
      "filename" : "GTK_Demo_Client.exe",
      "sizeofimage" : "0xc000",
      "timestamp" : "0x5de23c98",
      "il_offset" : "0x0000c"
   }
,
  {
      "is_managed" : "true",
      "guid" : "BA70B917-36BD-40CB-990A-357097DBA9C3",
      "token" : "0x6001f16",
      "native_offset" : "0x0",
      "filename" : "mscorlib.dll",
      "sizeofimage" : "0x470000",
      "timestamp" : "0x8c371253",
      "il_offset" : "0x00014"
   }
,
  {
      "is_managed" : "true",
      "guid" : "BA70B917-36BD-40CB-990A-357097DBA9C3",
      "token" : "0x6001ebe",
      "native_offset" : "0x0",
      "filename" : "mscorlib.dll",
      "sizeofimage" : "0x470000",
      "timestamp" : "0x8c371253",
      "il_offset" : "0x00071"
   }
,
  {
      "is_managed" : "true",
      "guid" : "BA70B917-36BD-40CB-990A-357097DBA9C3",
      "token" : "0x6001ebc",
      "native_offset" : "0x0",
      "filename" : "mscorlib.dll",
      "sizeofimage" : "0x470000",
      "timestamp" : "0x8c371253",
      "il_offset" : "0x00000"
   }
,
  {
      "is_managed" : "true",
      "guid" : "BA70B917-36BD-40CB-990A-357097DBA9C3",
      "token" : "0x6001ebb",
      "native_offset" : "0x0",
      "filename" : "mscorlib.dll",
      "sizeofimage" : "0x470000",
      "timestamp" : "0x8c371253",
      "il_offset" : "0x0002b"
   }
,
  {
      "is_managed" : "true",
      "guid" : "BA70B917-36BD-40CB-990A-357097DBA9C3",
      "token" : "0x6001f18",
      "native_offset" : "0x0",
      "filename" : "mscorlib.dll",
      "sizeofimage" : "0x470000",
      "timestamp" : "0x8c371253",
      "il_offset" : "0x00008"
   }
,
  {
      "is_managed" : "true",
      "guid" : "BA70B917-36BD-40CB-990A-357097DBA9C3",
      "token" : "0x00000",
      "native_offset" : "0x0",
      "filename" : "mscorlib.dll",
      "sizeofimage" : "0x470000",
      "timestamp" : "0x8c371253",
      "il_offset" : "0xffffffff"
   }

  ],
  "unmanaged_frames" : [
 {
    "native_address" : "unregistered"
  }
,
 {
    "native_address" : "unregistered"
  }
,
 {
    "native_address" : "unregistered"
  }
,
 {
    "native_address" : "unregistered"
  }
,
 {
    "native_address" : "unregistered"
  }
,
 {
    "native_address" : "unregistered"
  }
,
 {
    "native_address" : "unregistered"
  }
,
 {
    "native_address" : "unregistered"
  }
,
 {
    "native_address" : "unregistered"
  }
,
 {
    "native_address" : "unregistered"
  }
,
 {
    "native_address" : "unregistered"
  }
,
 {
    "native_address" : "unregistered"
  }
,
 {
    "native_address" : "unregistered"
  }
,
 {
    "native_address" : "unregistered"
  }
,
 {
    "native_address" : "unregistered"
  }
,
 {
    "native_address" : "unregistered"
  }
,
 {
    "native_address" : "unregistered"
  }
,
 {
    "native_address" : "unregistered"
  }
,
 {
    "native_address" : "unregistered"
  }
,
 {
    "native_address" : "unregistered"
  }
,
 {
    "native_address" : "unregistered"
  }
,
 {
    "native_address" : "unregistered"
  }
,
 {
    "native_address" : "unregistered"
  }
,
 {
    "native_address" : "unregistered"
  }
,
 {
    "native_address" : "unregistered"
  }
,
 {
    "native_address" : "unregistered"
  }
,
 {
    "native_address" : "unregistered"
  }
,
 {
    "native_address" : "unregistered"
  }
,
 {
    "native_address" : "unregistered"
  }
,
 {
    "native_address" : "unregistered"
  }
,
 {
    "native_address" : "unregistered"
  }
,
 {
    "native_address" : "unregistered"
  }
,
 {
    "native_address" : "unregistered"
  }
,
 {
    "native_address" : "unregistered"
  }
,
 {
    "native_address" : "unregistered"
  }
,
 {
    "native_address" : "unregistered"
  }
,
 {
    "native_address" : "unregistered"
  }
,
 {
    "native_address" : "unregistered"
  }
,
 {
    "native_address" : "unregistered"
  }
,
 {
    "native_address" : "unregistered"
  }
,
 {
    "native_address" : "unregistered"
  }
,
 {
    "native_address" : "unregistered"
  }
,
 {
    "native_address" : "unregistered"
  }
,
 {
    "native_address" : "unregistered"
  }
,
 {
    "native_address" : "unregistered"
  }
,
 {
    "native_address" : "unregistered"
  }
,
 {
    "native_address" : "unregistered"
  }
,
 {
    "native_address" : "unregistered"
  }
,
 {
    "native_address" : "unregistered"
  }
,
 {
    "native_address" : "unregistered"
  }
,
 {
    "native_address" : "unregistered"
  }
,
 {
    "native_address" : "unregistered"
  }
,
 {
    "native_address" : "unregistered"
  }
,
 {
    "native_address" : "unregistered"
  }
,
 {
    "native_address" : "unregistered"
  }
,
 {
    "native_address" : "unregistered"
  }
,
 {
    "native_address" : "unregistered"
  }
,
 {
    "native_address" : "unregistered"
  }
,
 {
    "native_address" : "unregistered"
  }
,
 {
    "native_address" : "unregistered"
  }
,
 {
    "native_address" : "unregistered"
  }
,
 {
    "native_address" : "unregistered"
  }
,
 {
    "native_address" : "unregistered"
  }
,
 {
    "native_address" : "unregistered"
  }
,
 {
    "native_address" : "unregistered"
  }
,
 {
    "native_address" : "unregistered"
  }
,
 {
    "native_address" : "unregistered"
  }
,
 {
    "native_address" : "unregistered"
  }
,
 {
    "native_address" : "unregistered"
  }
,
 {
    "native_address" : "unregistered"
  }
,
 {
    "native_address" : "unregistered"
  }
,
 {
    "native_address" : "unregistered"
  }
,
 {
    "native_address" : "unregistered"
  }
,
 {
    "native_address" : "unregistered"
  }
,
 {
    "native_address" : "unregistered"
  }
,
 {
    "native_address" : "unregistered"
  }
,
 {
    "native_address" : "unregistered"
  }
,
 {
    "native_address" : "unregistered"
  }
,
 {
    "native_address" : "unregistered"
  }
,
 {
    "native_address" : "unregistered"
  }

 ]
},
{
  "is_managed" : false,
  "offset_free_hash" : "0x0",
  "offset_rich_hash" : "0x0",
  "crashed" : false,
  "native_thread_id" : "0xffffffffb01c4000",
  "thread_info_addr" : "0x7daa6200",
  "thread_name" : "Finalizer",
  "ctx" : {
    "IP" : "0xa7bfc20e",
    "SP" : "0xb01c3e7c",
    "BP" : "0xb01c3f08"
 },
  "unmanaged_frames" : [
 {
    "native_address" : "unregistered"
  }
,
 {
    "native_address" : "unregistered"
  }
,
 {
    "native_address" : "unregistered"
  }
,
 {
    "native_address" : "unregistered"
  }
,
 {
    "native_address" : "unregistered"
  }
,
 {
    "native_address" : "unregistered"
  }
,
 {
    "native_address" : "unregistered"
  }
,
 {
    "native_address" : "unregistered"
  }
,
 {
    "native_address" : "unregistered"
  }
,
 {
    "native_address" : "unregistered"
  }

 ]
},
{
  "is_managed" : false,
  "offset_free_hash" : "0x0",
  "offset_rich_hash" : "0x0",
  "crashed" : false,
  "native_thread_id" : "0xffffffffb0ad8000",
  "thread_info_addr" : "0x7dacc200",
  "thread_name" : "Thread Pool Worker",
  "ctx" : {
    "IP" : "0xa7bfc226",
    "SP" : "0xb0ad7e6c",
    "BP" : "0xb0ad7f08"
 },
  "unmanaged_frames" : [
 {
    "native_address" : "unregistered"
  }
,
 {
    "native_address" : "unregistered"
  }
,
 {
    "native_address" : "unregistered"
  }
,
 {
    "native_address" : "unregistered"
  }
,
 {
    "native_address" : "unregistered"
  }
,
 {
    "native_address" : "unregistered"
  }
,
 {
    "native_address" : "unregistered"
  }
,
 {
    "native_address" : "unregistered"
  }
,
 {
    "native_address" : "unregistered"
  }
,
 {
    "native_address" : "unregistered"
  }

 ]
},
{
  "is_managed" : false,
  "offset_free_hash" : "0x0",
  "offset_rich_hash" : "0x0",
  "crashed" : false,
  "native_thread_id" : "0xffffffffb07d2000",
  "thread_info_addr" : "0x7d332200",
  "thread_name" : "Thread Pool I/O Selector",
  "ctx" : {
    "IP" : "0xa7c032b2",
    "SP" : "0xb07d1c5c",
    "BP" : "0xb07d1e18"
 },
  "unmanaged_frames" : [
 {
    "native_address" : "unregistered"
  }
,
 {
    "native_address" : "unregistered"
  }
,
 {
    "native_address" : "unregistered"
  }
,
 {
    "native_address" : "unregistered"
  }
,
 {
    "native_address" : "unregistered"
  }
,
 {
    "native_address" : "unregistered"
  }
,
 {
    "native_address" : "unregistered"
  }
,
 {
    "native_address" : "unregistered"
  }
,
 {
    "native_address" : "unregistered"
  }
,
 {
    "native_address" : "unregistered"
  }
,
 {
    "native_address" : "unregistered"
  }
,
 {
    "native_address" : "unregistered"
  }

 ]
},
{
  "is_managed" : false,
  "offset_free_hash" : "0x0",
  "offset_rich_hash" : "0x0",
  "crashed" : false,
  "native_thread_id" : "0xffffffffb05cc000",
  "thread_info_addr" : "0x7daa5e00",
  "thread_name" : "tid_2303",
  "ctx" : {
    "IP" : "0x3447dc",
    "SP" : "0xb05cba70",
    "BP" : "0xb05cbaf8"
 },
  "unmanaged_frames" : [
 {
    "native_address" : "unregistered"
  }
,
 {
    "native_address" : "unregistered"
  }
,
 {
    "native_address" : "unregistered"
  }
,
 {
    "native_address" : "unregistered"
  }
,
 {
    "native_address" : "unregistered"
  }
,
 {
    "native_address" : "unregistered"
  }
,
 {
    "native_address" : "unregistered"
  }
,
 {
    "native_address" : "unregistered"
  }
,
 {
    "native_address" : "unregistered"
  }
,
 {
    "native_address" : "unregistered"
  }
,
 {
    "native_address" : "unregistered"
  }
,
 {
    "native_address" : "unregistered"
  }
,
 {
    "native_address" : "unregistered"
  }
,
 {
    "native_address" : "unregistered"
  }
,
 {
    "native_address" : "unregistered"
  }
,
 {
    "native_address" : "unregistered"
  }
,
 {
    "native_address" : "unregistered"
  }
,
 {
    "native_address" : "unregistered"
  }
,
 {
    "native_address" : "unregistered"
  }
,
 {
    "native_address" : "unregistered"
  }
,
 {
    "native_address" : "unregistered"
  }
,
 {
    "native_address" : "unregistered"
  }
,
 {
    "native_address" : "unregistered"
  }
,
 {
    "native_address" : "unregistered"
  }
,
 {
    "native_address" : "unregistered"
  }

 ]
},
{
  "is_managed" : false,
  "offset_free_hash" : "0x0",
  "offset_rich_hash" : "0x0",
  "crashed" : false,
  "native_thread_id" : "0xffffffffb02c6000",
  "thread_info_addr" : "0x7bab6e00",
  "thread_name" : "Debugger agent",
  "ctx" : {
    "IP" : "0xa7bff3a6",
    "SP" : "0xb02c5aec",
    "BP" : "0xb02c5b18"
 },
  "unmanaged_frames" : [
 {
    "native_address" : "unregistered"
  }
,
 {
    "native_address" : "unregistered"
  }
,
 {
    "native_address" : "unregistered"
  }
,
 {
    "native_address" : "unregistered"
  }
,
 {
    "native_address" : "unregistered"
  }
,
 {
    "native_address" : "unregistered"
  }
,
 {
    "native_address" : "unregistered"
  }
,
 {
    "native_address" : "unregistered"
  }
,
 {
    "native_address" : "unregistered"
  }
,
 {
    "native_address" : "unregistered"
  }
,
 {
    "native_address" : "unregistered"
  }
,
 {
    "native_address" : "unregistered"
  }

 ]
},
{
  "is_managed" : false,
  "offset_free_hash" : "0x0",
  "offset_rich_hash" : "0x0",
  "crashed" : false,
  "native_thread_id" : "0xffffffffb0bda000",
  "thread_info_addr" : "0x7c393c00",
  "thread_name" : "Thread Pool Worker",
  "ctx" : {
    "IP" : "0xa7bfc226",
    "SP" : "0xb0bd9e6c",
    "BP" : "0xb0bd9f08"
 },
  "unmanaged_frames" : [
 {
    "native_address" : "unregistered"
  }
,
 {
    "native_address" : "unregistered"
  }
,
 {
    "native_address" : "unregistered"
  }
,
 {
    "native_address" : "unregistered"
  }
,
 {
    "native_address" : "unregistered"
  }
,
 {
    "native_address" : "unregistered"
  }
,
 {
    "native_address" : "unregistered"
  }
,
 {
    "native_address" : "unregistered"
  }
,
 {
    "native_address" : "unregistered"
  }
,
 {
    "native_address" : "unregistered"
  }

 ]
},
{
  "is_managed" : false,
  "offset_free_hash" : "0x0",
  "offset_rich_hash" : "0x0",
  "crashed" : false,
  "native_thread_id" : "0xffffffffb08d4000",
  "thread_info_addr" : "0x7c36c000",
  "thread_name" : "tid_9d03",
  "ctx" : {
    "IP" : "0xa7bff7aa",
    "SP" : "0xb08d3d7c",
    "BP" : "0xb08d3df8"
 },
  "unmanaged_frames" : [
 {
    "native_address" : "unregistered"
  }
,
 {
    "native_address" : "unregistered"
  }
,
 {
    "native_address" : "unregistered"
  }
,
 {
    "native_address" : "unregistered"
  }
,
 {
    "native_address" : "unregistered"
  }
,
 {
    "native_address" : "unregistered"
  }
,
 {
    "native_address" : "unregistered"
  }
,
 {
    "native_address" : "unregistered"
  }
,
 {
    "native_address" : "unregistered"
  }
,
 {
    "native_address" : "unregistered"
  }
,
 {
    "native_address" : "unregistered"
  }
,
 {
    "native_address" : "unregistered"
  }
,
 {
    "native_address" : "unregistered"
  }
,
 {
    "native_address" : "unregistered"
  }

 ]
},
{
  "is_managed" : true,
  "offset_free_hash" : "0x24ce3bd03",
  "offset_rich_hash" : "0x24ce3bd61",
  "crashed" : true,
  "native_thread_id" : "0x5fd080",
  "thread_info_addr" : "0x7d2b0c00",
  "thread_name" : "tid_303",
  "ctx" : {
    "IP" : "0x2584063",
    "SP" : "0xbff62ab0",
    "BP" : "0xbff62af8"
 },
  "managed_frames" : [
 {
    "native_address" : "unregistered"
  }
,
 {
    "is_managed" : "true",
    "guid" : "426A4590-353F-4268-97D5-A3E1EB51B9B8",
    "token" : "0x00000",
    "native_offset" : "0x0",
    "filename" : "gtk-sharp.dll",
    "sizeofimage" : "0x16a000",
    "timestamp" : "0x0",
    "il_offset" : "0xffffffff"
  }
,
 {
    "is_managed" : "true",
    "guid" : "426A4590-353F-4268-97D5-A3E1EB51B9B8",
    "token" : "0x6004038",
    "native_offset" : "0x0",
    "filename" : "gtk-sharp.dll",
    "sizeofimage" : "0x16a000",
    "timestamp" : "0x0",
    "il_offset" : "0x00001"
  }
,
 {
    "is_managed" : "true",
    "guid" : "2269241C-6B26-409A-B90D-1CD64AA9A7AA",
    "token" : "0x6000009",
    "native_offset" : "0x0",
    "filename" : "GTK_Demo_Client.exe",
    "sizeofimage" : "0xc000",
    "timestamp" : "0x5de23c98",
    "il_offset" : "0x0005f"
  }
,
 {
    "is_managed" : "true",
    "guid" : "2269241C-6B26-409A-B90D-1CD64AA9A7AA",
    "token" : "0x00000",
    "native_offset" : "0x0",
    "filename" : "GTK_Demo_Client.exe",
    "sizeofimage" : "0xc000",
    "timestamp" : "0x5de23c98",
    "il_offset" : "0xffffffff"
  }

 ]
},
{
  "is_managed" : true,
  "offset_free_hash" : "0x824afd4d3",
  "offset_rich_hash" : "0x824afd63a",
  "crashed" : false,
  "native_thread_id" : "0xffffffffb03c8000",
  "thread_info_addr" : "0x7d2d4c00",
  "thread_name" : "tid_1a03",
  "ctx" : {
    "IP" : "0x5fb1daa",
    "SP" : "0xb03c7a80",
    "BP" : "0xb03c7ad8"
 },
  "managed_frames" : [
 {
    "is_managed" : "true",
    "guid" : "2269241C-6B26-409A-B90D-1CD64AA9A7AA",
    "token" : "0x600001d",
    "native_offset" : "0x0",
    "filename" : "GTK_Demo_Client.exe",
    "sizeofimage" : "0xc000",
    "timestamp" : "0x5de23c98",
    "il_offset" : "0xffffffff"
  }
,
 {
    "is_managed" : "true",
    "guid" : "2269241C-6B26-409A-B90D-1CD64AA9A7AA",
    "token" : "0x6000014",
    "native_offset" : "0x0",
    "filename" : "GTK_Demo_Client.exe",
    "sizeofimage" : "0xc000",
    "timestamp" : "0x5de23c98",
    "il_offset" : "0x00007"
  }
,
 {
    "is_managed" : "true",
    "guid" : "2269241C-6B26-409A-B90D-1CD64AA9A7AA",
    "token" : "0x6000025",
    "native_offset" : "0x0",
    "filename" : "GTK_Demo_Client.exe",
    "sizeofimage" : "0xc000",
    "timestamp" : "0x5de23c98",
    "il_offset" : "0x00007"
  }
,
 {
    "is_managed" : "true",
    "guid" : "2269241C-6B26-409A-B90D-1CD64AA9A7AA",
    "token" : "0x6000024",
    "native_offset" : "0x0",
    "filename" : "GTK_Demo_Client.exe",
    "sizeofimage" : "0xc000",
    "timestamp" : "0x5de23c98",
    "il_offset" : "0x000a3"
  }
,
 {
    "is_managed" : "true",
    "guid" : "BA70B917-36BD-40CB-990A-357097DBA9C3",
    "token" : "0x6001f16",
    "native_offset" : "0x0",
    "filename" : "mscorlib.dll",
    "sizeofimage" : "0x470000",
    "timestamp" : "0x8c371253",
    "il_offset" : "0x00014"
  }
,
 {
    "is_managed" : "true",
    "guid" : "BA70B917-36BD-40CB-990A-357097DBA9C3",
    "token" : "0x6001ebe",
    "native_offset" : "0x0",
    "filename" : "mscorlib.dll",
    "sizeofimage" : "0x470000",
    "timestamp" : "0x8c371253",
    "il_offset" : "0x00071"
  }
,
 {
    "is_managed" : "true",
    "guid" : "BA70B917-36BD-40CB-990A-357097DBA9C3",
    "token" : "0x6001ebc",
    "native_offset" : "0x0",
    "filename" : "mscorlib.dll",
    "sizeofimage" : "0x470000",
    "timestamp" : "0x8c371253",
    "il_offset" : "0x00000"
  }
,
 {
    "is_managed" : "true",
    "guid" : "BA70B917-36BD-40CB-990A-357097DBA9C3",
    "token" : "0x6001ebb",
    "native_offset" : "0x0",
    "filename" : "mscorlib.dll",
    "sizeofimage" : "0x470000",
    "timestamp" : "0x8c371253",
    "il_offset" : "0x0002b"
  }
,
 {
    "is_managed" : "true",
    "guid" : "BA70B917-36BD-40CB-990A-357097DBA9C3",
    "token" : "0x6001f18",
    "native_offset" : "0x0",
    "filename" : "mscorlib.dll",
    "sizeofimage" : "0x470000",
    "timestamp" : "0x8c371253",
    "il_offset" : "0x00008"
  }
,
 {
    "is_managed" : "true",
    "guid" : "BA70B917-36BD-40CB-990A-357097DBA9C3",
    "token" : "0x00000",
    "native_offset" : "0x0",
    "filename" : "mscorlib.dll",
    "sizeofimage" : "0x470000",
    "timestamp" : "0x8c371253",
    "il_offset" : "0xffffffff"
  }

 ],
"unmanaged_frames" : [
{
  "native_address" : "unregistered"
 }
,
{
  "native_address" : "unregistered"
 }
,
{
  "native_address" : "unregistered"
 }
,
{
  "native_address" : "unregistered"
 }
,
{
  "native_address" : "unregistered"
 }
,
{
  "native_address" : "unregistered"
 }
,
{
  "native_address" : "unregistered"
 }
,
{
  "native_address" : "unregistered"
 }
,
{
  "native_address" : "unregistered"
 }
,
{
  "native_address" : "unregistered"
 }
,
{
  "native_address" : "unregistered"
 }
,
{
  "native_address" : "unregistered"
 }
,
{
  "native_address" : "unregistered"
 }
,
{
  "native_address" : "unregistered"
 }
,
{
  "native_address" : "unregistered"
 }
,
{
  "native_address" : "unregistered"
 }
,
{
  "native_address" : "unregistered"
 }
,
{
  "native_address" : "unregistered"
 }
,
{
  "native_address" : "unregistered"
 }
,
{
  "native_address" : "unregistered"
 }
,
{
  "native_address" : "unregistered"
 }
,
{
  "native_address" : "unregistered"
 }
,
{
  "native_address" : "unregistered"
 }

]
},
{
"is_managed" : false,
"offset_free_hash" : "0x0",
"offset_rich_hash" : "0x0",
"crashed" : false,
"native_thread_id" : "0xffffffffb09d6000",
"thread_info_addr" : "0x7bb48000",
"thread_name" : "Thread Pool Worker",
"ctx" : {
  "IP" : "0xa7bfc226",
  "SP" : "0xb09d5e6c",
  "BP" : "0xb09d5f08"
},
"unmanaged_frames" : [
{
  "native_address" : "unregistered"
 }
,
{
  "native_address" : "unregistered"
 }
,
{
  "native_address" : "unregistered"
 }
,
{
  "native_address" : "unregistered"
 }
,
{
  "native_address" : "unregistered"
 }
,
{
  "native_address" : "unregistered"
 }
,
{
  "native_address" : "unregistered"
 }
,
{
  "native_address" : "unregistered"
 }
,
{
  "native_address" : "unregistered"
 }
,
{
  "native_address" : "unregistered"
 }

]
}
]
}