{
  "protocol_version" : "0.0.4",
  "configuration" : {
    "version" : "(6.4.0.208) (2019-06/07c23f2ca43)",
    "tlc" : "normal",
    "sigsgev" : "altstack",
    "notifications" : "kqueue",
    "architecture" : "x86",
    "disabled_features" : "none",
    "smallconfig" : "disabled",
    "bigarrays" : "disabled",
    "softdebug" : "enabled",
    "interpreter" : "enabled",
    "llvm_support" : "0",
    "suspend" : "hybrid"
  },
  "memory" : {
    "Resident Size" : "64774144",
    "Virtual Size" : "872476672",
    "minor_gc_time" : "0",
    "major_gc_time" : "0",
    "minor_gc_count" : "0",
    "major_gc_count" : "0",
    "major_gc_time_concurrent" : "0"
 },
  "threads" : [
 {
    "is_managed" : false,
    "offset_free_hash" : "0x0",
    "offset_rich_hash" : "0x0",
    "crashed" : false,
    "native_thread_id" : "0xffffffffb0849000",
    "thread_info_addr" : "0x78a6ac00",
    "thread_name" : "Thread Pool I/O Selector",
    "ctx" : {
      "IP" : "0xa7c032b2",
      "SP" : "0xb0848c5c",
      "BP" : "0xb0848e18"
  },
    "unmanaged_frames" : [
  {
      "native_address" : "unregistered"
   }
,
  {
      "native_address" : "unregistered"
   }
,
  {
      "native_address" : "unregistered"
   }
,
  {
      "native_address" : "unregistered"
   }
,
  {
      "native_address" : "unregistered"
   }
,
  {
      "native_address" : "unregistered"
   }
,
  {
      "native_address" : "unregistered"
   }
,
  {
      "native_address" : "unregistered"
   }
,
  {
      "native_address" : "unregistered"
   }
,
  {
      "native_address" : "unregistered"
   }
,
  {
      "native_address" : "unregistered"
   }
,
  {
      "native_address" : "unregistered"
   }

  ]
 },
 {
    "is_managed" : true,
    "offset_free_hash" : "0x7d4e7611c",
    "offset_rich_hash" : "0x7d4e7621b",
    "crashed" : false,
    "native_thread_id" : "0xffffffffb0643000",
    "thread_info_addr" : "0x799b4200",
    "thread_name" : "tid_1c03",
    "ctx" : {
      "IP" : "0x34b089",
      "SP" : "0xb0642a90",
      "BP" : "0xb0642ab8"
  },
    "managed_frames" : [
  {
      "native_address" : "unregistered"
   }
,
  {
      "is_managed" : "true",
      "guid" : "BA70B917-36BD-40CB-990A-357097DBA9C3",
      "token" : "0x00000",
      "native_offset" : "0x0",
      "filename" : "mscorlib.dll",
      "sizeofimage" : "0x470000",
      "timestamp" : "0x8c371253",
      "il_offset" : "0xffffffff"
   }
,
  {
      "is_managed" : "true",
      "guid" : "51B3C9C1-FA2B-4839-817B-924C75FDCECE",
      "token" : "0x600001f",
      "native_offset" : "0x0",
      "filename" : "GTK_Demo_Client.exe",
      "sizeofimage" : "0xc000",
      "timestamp" : "0x5de23ea0",
      "il_offset" : "0x00030"
   }
,
  {
      "is_managed" : "true",
      "guid" : "51B3C9C1-FA2B-4839-817B-924C75FDCECE",
      "token" : "0x6000013",
      "native_offset" : "0x0",
      "filename" : "GTK_Demo_Client.exe",
      "sizeofimage" : "0xc000",
      "timestamp" : "0x5de23ea0",
      "il_offset" : "0x0000a"
   }
,
  {
      "is_managed" : "true",
      "guid" : "51B3C9C1-FA2B-4839-817B-924C75FDCECE",
      "token" : "0x6000012",
      "native_offset" : "0x0",
      "filename" : "GTK_Demo_Client.exe",
      "sizeofimage" : "0xc000",
      "timestamp" : "0x5de23ea0",
      "il_offset" : "0x0000f"
   }
,
  {
      "is_managed" : "true",
      "guid" : "BA70B917-36BD-40CB-990A-357097DBA9C3",
      "token" : "0x6001f16",
      "native_offset" : "0x0",
      "filename" : "mscorlib.dll",
      "sizeofimage" : "0x470000",
      "timestamp" : "0x8c371253",
      "il_offset" : "0x00014"
   }
,
  {
      "is_managed" : "true",
      "guid" : "BA70B917-36BD-40CB-990A-357097DBA9C3",
      "token" : "0x6001ebe",
      "native_offset" : "0x0",
      "filename" : "mscorlib.dll",
      "sizeofimage" : "0x470000",
      "timestamp" : "0x8c371253",
      "il_offset" : "0x00071"
   }
,
  {
      "is_managed" : "true",
      "guid" : "BA70B917-36BD-40CB-990A-357097DBA9C3",
      "token" : "0x6001ebc",
      "native_offset" : "0x0",
      "filename" : "mscorlib.dll",
      "sizeofimage" : "0x470000",
      "timestamp" : "0x8c371253",
      "il_offset" : "0x00000"
   }
,
  {
      "is_managed" : "true",
      "guid" : "BA70B917-36BD-40CB-990A-357097DBA9C3",
      "token" : "0x6001ebb",
      "native_offset" : "0x0",
      "filename" : "mscorlib.dll",
      "sizeofimage" : "0x470000",
      "timestamp" : "0x8c371253",
      "il_offset" : "0x0002b"
   }
,
  {
      "is_managed" : "true",
      "guid" : "BA70B917-36BD-40CB-990A-357097DBA9C3",
      "token" : "0x6001f18",
      "native_offset" : "0x0",
      "filename" : "mscorlib.dll",
      "sizeofimage" : "0x470000",
      "timestamp" : "0x8c371253",
      "il_offset" : "0x00008"
   }
,
  {
      "is_managed" : "true",
      "guid" : "BA70B917-36BD-40CB-990A-357097DBA9C3",
      "token" : "0x00000",
      "native_offset" : "0x0",
      "filename" : "mscorlib.dll",
      "sizeofimage" : "0x470000",
      "timestamp" : "0x8c371253",
      "il_offset" : "0xffffffff"
   }

  ],
  "unmanaged_frames" : [
 {
    "native_address" : "unregistered"
  }
,
 {
    "native_address" : "unregistered"
  }
,
 {
    "native_address" : "unregistered"
  }
,
 {
    "native_address" : "unregistered"
  }
,
 {
    "native_address" : "unregistered"
  }
,
 {
    "native_address" : "unregistered"
  }
,
 {
    "native_address" : "unregistered"
  }
,
 {
    "native_address" : "unregistered"
  }
,
 {
    "native_address" : "unregistered"
  }
,
 {
    "native_address" : "unregistered"
  }
,
 {
    "native_address" : "unregistered"
  }
,
 {
    "native_address" : "unregistered"
  }
,
 {
    "native_address" : "unregistered"
  }
,
 {
    "native_address" : "unregistered"
  }
,
 {
    "native_address" : "unregistered"
  }
,
 {
    "native_address" : "unregistered"
  }
,
 {
    "native_address" : "unregistered"
  }
,
 {
    "native_address" : "unregistered"
  }
,
 {
    "native_address" : "unregistered"
  }
,
 {
    "native_address" : "unregistered"
  }
,
 {
    "native_address" : "unregistered"
  }
,
 {
    "native_address" : "unregistered"
  }
,
 {
    "native_address" : "unregistered"
  }
,
 {
    "native_address" : "unregistered"
  }

 ]
},
{
  "is_managed" : false,
  "offset_free_hash" : "0x0",
  "offset_rich_hash" : "0x0",
  "crashed" : false,
  "native_thread_id" : "0xffffffffb033d000",
  "thread_info_addr" : "0x7999e800",
  "thread_name" : "Debugger agent",
  "ctx" : {
    "IP" : "0xa7bff3a6",
    "SP" : "0xb033caec",
    "BP" : "0xb033cb18"
 },
  "unmanaged_frames" : [
 {
    "native_address" : "unregistered"
  }
,
 {
    "native_address" : "unregistered"
  }
,
 {
    "native_address" : "unregistered"
  }
,
 {
    "native_address" : "unregistered"
  }
,
 {
    "native_address" : "unregistered"
  }
,
 {
    "native_address" : "unregistered"
  }
,
 {
    "native_address" : "unregistered"
  }
,
 {
    "native_address" : "unregistered"
  }
,
 {
    "native_address" : "unregistered"
  }
,
 {
    "native_address" : "unregistered"
  }
,
 {
    "native_address" : "unregistered"
  }
,
 {
    "native_address" : "unregistered"
  }

 ]
},
{
  "is_managed" : false,
  "offset_free_hash" : "0x0",
  "offset_rich_hash" : "0x0",
  "crashed" : false,
  "native_thread_id" : "0xffffffffb0c51000",
  "thread_info_addr" : "0x7aa05800",
  "thread_name" : "Thread Pool Worker",
  "ctx" : {
    "IP" : "0xa7bfc226",
    "SP" : "0xb0c50e6c",
    "BP" : "0xb0c50f08"
 },
  "unmanaged_frames" : [
 {
    "native_address" : "unregistered"
  }
,
 {
    "native_address" : "unregistered"
  }
,
 {
    "native_address" : "unregistered"
  }
,
 {
    "native_address" : "unregistered"
  }
,
 {
    "native_address" : "unregistered"
  }
,
 {
    "native_address" : "unregistered"
  }
,
 {
    "native_address" : "unregistered"
  }
,
 {
    "native_address" : "unregistered"
  }
,
 {
    "native_address" : "unregistered"
  }
,
 {
    "native_address" : "unregistered"
  }

 ]
},
{
  "is_managed" : false,
  "offset_free_hash" : "0x0",
  "offset_rich_hash" : "0x0",
  "crashed" : false,
  "native_thread_id" : "0xffffffffb094b000",
  "thread_info_addr" : "0x7a208600",
  "thread_name" : "tid_6203",
  "ctx" : {
    "IP" : "0xa7bff7aa",
    "SP" : "0xb094ad7c",
    "BP" : "0xb094adf8"
 },
  "unmanaged_frames" : [
 {
    "native_address" : "unregistered"
  }
,
 {
    "native_address" : "unregistered"
  }
,
 {
    "native_address" : "unregistered"
  }
,
 {
    "native_address" : "unregistered"
  }
,
 {
    "native_address" : "unregistered"
  }
,
 {
    "native_address" : "unregistered"
  }
,
 {
    "native_address" : "unregistered"
  }
,
 {
    "native_address" : "unregistered"
  }
,
 {
    "native_address" : "unregistered"
  }
,
 {
    "native_address" : "unregistered"
  }
,
 {
    "native_address" : "unregistered"
  }
,
 {
    "native_address" : "unregistered"
  }
,
 {
    "native_address" : "unregistered"
  }
,
 {
    "native_address" : "unregistered"
  }

 ]
},
{
  "is_managed" : true,
  "offset_free_hash" : "0x24ce3bd03",
  "offset_rich_hash" : "0x24ce3bd61",
  "crashed" : true,
  "native_thread_id" : "0x5cf080",
  "thread_info_addr" : "0x789a6600",
  "thread_name" : "tid_303",
  "ctx" : {
    "IP" : "0x2586063",
    "SP" : "0xbff5bab0",
    "BP" : "0xbff5baf8"
 },
  "managed_frames" : [
 {
    "native_address" : "unregistered"
  }
,
 {
    "is_managed" : "true",
    "guid" : "426A4590-353F-4268-97D5-A3E1EB51B9B8",
    "token" : "0x00000",
    "native_offset" : "0x0",
    "filename" : "gtk-sharp.dll",
    "sizeofimage" : "0x16a000",
    "timestamp" : "0x0",
    "il_offset" : "0xffffffff"
  }
,
 {
    "is_managed" : "true",
    "guid" : "426A4590-353F-4268-97D5-A3E1EB51B9B8",
    "token" : "0x6004038",
    "native_offset" : "0x0",
    "filename" : "gtk-sharp.dll",
    "sizeofimage" : "0x16a000",
    "timestamp" : "0x0",
    "il_offset" : "0x00001"
  }
,
 {
    "is_managed" : "true",
    "guid" : "51B3C9C1-FA2B-4839-817B-924C75FDCECE",
    "token" : "0x6000009",
    "native_offset" : "0x0",
    "filename" : "GTK_Demo_Client.exe",
    "sizeofimage" : "0xc000",
    "timestamp" : "0x5de23ea0",
    "il_offset" : "0x0005f"
  }
,
 {
    "is_managed" : "true",
    "guid" : "51B3C9C1-FA2B-4839-817B-924C75FDCECE",
    "token" : "0x00000",
    "native_offset" : "0x0",
    "filename" : "GTK_Demo_Client.exe",
    "sizeofimage" : "0xc000",
    "timestamp" : "0x5de23ea0",
    "il_offset" : "0xffffffff"
  }

 ]
},
{
  "is_managed" : true,
  "offset_free_hash" : "0x8d23df938",
  "offset_rich_hash" : "0x8d23dfacf",
  "crashed" : false,
  "native_thread_id" : "0xffffffffb043f000",
  "thread_info_addr" : "0x799be000",
  "thread_name" : "tid_2703",
  "ctx" : {
    "IP" : "0x7e5f9b",
    "SP" : "0xb043ea00",
    "BP" : "0xb043ea58"
 },
  "managed_frames" : [
 {
    "is_managed" : "true",
    "guid" : "BA70B917-36BD-40CB-990A-357097DBA9C3",
    "token" : "0x00000",
    "native_offset" : "0x0",
    "filename" : "mscorlib.dll",
    "sizeofimage" : "0x470000",
    "timestamp" : "0x8c371253",
    "il_offset" : "0xffffffff"
  }
,
 {
    "is_managed" : "true",
    "guid" : "51B3C9C1-FA2B-4839-817B-924C75FDCECE",
    "token" : "0x600001d",
    "native_offset" : "0x0",
    "filename" : "GTK_Demo_Client.exe",
    "sizeofimage" : "0xc000",
    "timestamp" : "0x5de23ea0",
    "il_offset" : "0x00030"
  }
,
 {
    "is_managed" : "true",
    "guid" : "51B3C9C1-FA2B-4839-817B-924C75FDCECE",
    "token" : "0x6000014",
    "native_offset" : "0x0",
    "filename" : "GTK_Demo_Client.exe",
    "sizeofimage" : "0xc000",
    "timestamp" : "0x5de23ea0",
    "il_offset" : "0x00007"
  }
,
 {
    "is_managed" : "true",
    "guid" : "51B3C9C1-FA2B-4839-817B-924C75FDCECE",
    "token" : "0x6000025",
    "native_offset" : "0x0",
    "filename" : "GTK_Demo_Client.exe",
    "sizeofimage" : "0xc000",
    "timestamp" : "0x5de23ea0",
    "il_offset" : "0x00007"
  }
,
 {
    "is_managed" : "true",
    "guid" : "51B3C9C1-FA2B-4839-817B-924C75FDCECE",
    "token" : "0x6000024",
    "native_offset" : "0x0",
    "filename" : "GTK_Demo_Client.exe",
    "sizeofimage" : "0xc000",
    "timestamp" : "0x5de23ea0",
    "il_offset" : "0x000a3"
  }
,
 {
    "is_managed" : "true",
    "guid" : "BA70B917-36BD-40CB-990A-357097DBA9C3",
    "token" : "0x6001f16",
    "native_offset" : "0x0",
    "filename" : "mscorlib.dll",
    "sizeofimage" : "0x470000",
    "timestamp" : "0x8c371253",
    "il_offset" : "0x00014"
  }
,
 {
    "is_managed" : "true",
    "guid" : "BA70B917-36BD-40CB-990A-357097DBA9C3",
    "token" : "0x6001ebe",
    "native_offset" : "0x0",
    "filename" : "mscorlib.dll",
    "sizeofimage" : "0x470000",
    "timestamp" : "0x8c371253",
    "il_offset" : "0x00071"
  }
,
 {
    "is_managed" : "true",
    "guid" : "BA70B917-36BD-40CB-990A-357097DBA9C3",
    "token" : "0x6001ebc",
    "native_offset" : "0x0",
    "filename" : "mscorlib.dll",
    "sizeofimage" : "0x470000",
    "timestamp" : "0x8c371253",
    "il_offset" : "0x00000"
  }
,
 {
    "is_managed" : "true",
    "guid" : "BA70B917-36BD-40CB-990A-357097DBA9C3",
    "token" : "0x6001ebb",
    "native_offset" : "0x0",
    "filename" : "mscorlib.dll",
    "sizeofimage" : "0x470000",
    "timestamp" : "0x8c371253",
    "il_offset" : "0x0002b"
  }
,
 {
    "is_managed" : "true",
    "guid" : "BA70B917-36BD-40CB-990A-357097DBA9C3",
    "token" : "0x6001f18",
    "native_offset" : "0x0",
    "filename" : "mscorlib.dll",
    "sizeofimage" : "0x470000",
    "timestamp" : "0x8c371253",
    "il_offset" : "0x00008"
  }
,
 {
    "is_managed" : "true",
    "guid" : "BA70B917-36BD-40CB-990A-357097DBA9C3",
    "token" : "0x00000",
    "native_offset" : "0x0",
    "filename" : "mscorlib.dll",
    "sizeofimage" : "0x470000",
    "timestamp" : "0x8c371253",
    "il_offset" : "0xffffffff"
  }

 ],
"unmanaged_frames" : [
{
  "native_address" : "unregistered"
 }
,
{
  "native_address" : "unregistered"
 }
,
{
  "native_address" : "unregistered"
 }
,
{
  "native_address" : "unregistered"
 }
,
{
  "native_address" : "unregistered"
 }
,
{
  "native_address" : "unregistered"
 }
,
{
  "native_address" : "unregistered"
 }
,
{
  "native_address" : "unregistered"
 }
,
{
  "native_address" : "unregistered"
 }
,
{
  "native_address" : "unregistered"
 }
,
{
  "native_address" : "unregistered"
 }
,
{
  "native_address" : "unregistered"
 }
,
{
  "native_address" : "unregistered"
 }
,
{
  "native_address" : "unregistered"
 }
,
{
  "native_address" : "unregistered"
 }
,
{
  "native_address" : "unregistered"
 }
,
{
  "native_address" : "unregistered"
 }
,
{
  "native_address" : "unregistered"
 }
,
{
  "native_address" : "unregistered"
 }
,
{
  "native_address" : "unregistered"
 }
,
{
  "native_address" : "unregistered"
 }
,
{
  "native_address" : "unregistered"
 }
,
{
  "native_address" : "unregistered"
 }
,
{
  "native_address" : "unregistered"
 }

]
},
{
"is_managed" : false,
"offset_free_hash" : "0x0",
"offset_rich_hash" : "0x0",
"crashed" : false,
"native_thread_id" : "0xffffffffb0a4d000",
"thread_info_addr" : "0x79b01c00",
"thread_name" : "Thread Pool Worker",
"ctx" : {
  "IP" : "0xa7bfc226",
  "SP" : "0xb0a4ce6c",
  "BP" : "0xb0a4cf08"
},
"unmanaged_frames" : [
{
  "native_address" : "unregistered"
 }
,
{
  "native_address" : "unregistered"
 }
,
{
  "native_address" : "unregistered"
 }
,
{
  "native_address" : "unregistered"
 }
,
{
  "native_address" : "unregistered"
 }
,
{
  "native_address" : "unregistered"
 }
,
{
  "native_address" : "unregistered"
 }
,
{
  "native_address" : "unregistered"
 }
,
{
  "native_address" : "unregistered"
 }
,
{
  "native_address" : "unregistered"
 }

]
},
{
"is_managed" : true,
"offset_free_hash" : "0x68238fc43",
"offset_rich_hash" : "0x68238fd3c",
"crashed" : false,
"native_thread_id" : "0xffffffffb0541000",
"thread_info_addr" : "0x789b8200",
"thread_name" : "tid_1b03",
"ctx" : {
  "IP" : "0xa7ca7c60",
  "SP" : "0xb05398a4",
  "BP" : "0xb05398a8"
},
"managed_frames" : [
{
  "native_address" : "unregistered"
 }
,
{
  "is_managed" : "true",
  "guid" : "426A4590-353F-4268-97D5-A3E1EB51B9B8",
  "token" : "0x00000",
  "native_offset" : "0x0",
  "filename" : "gtk-sharp.dll",
  "sizeofimage" : "0x16a000",
  "timestamp" : "0x0",
  "il_offset" : "0xffffffff"
 }
,
{
  "is_managed" : "true",
  "guid" : "426A4590-353F-4268-97D5-A3E1EB51B9B8",
  "token" : "0x6000aa3",
  "native_offset" : "0x0",
  "filename" : "gtk-sharp.dll",
  "sizeofimage" : "0x16a000",
  "timestamp" : "0x0",
  "il_offset" : "0x00007"
 }
,
{
  "is_managed" : "true",
  "guid" : "51B3C9C1-FA2B-4839-817B-924C75FDCECE",
  "token" : "0x600000f",
  "native_offset" : "0x0",
  "filename" : "GTK_Demo_Client.exe",
  "sizeofimage" : "0xc000",
  "timestamp" : "0x5de23ea0",
  "il_offset" : "0x00030"
 }
,
{
  "is_managed" : "true",
  "guid" : "51B3C9C1-FA2B-4839-817B-924C75FDCECE",
  "token" : "0x600000e",
  "native_offset" : "0x0",
  "filename" : "GTK_Demo_Client.exe",
  "sizeofimage" : "0xc000",
  "timestamp" : "0x5de23ea0",
  "il_offset" : "0x0000c"
 }
,
{
  "is_managed" : "true",
  "guid" : "BA70B917-36BD-40CB-990A-357097DBA9C3",
  "token" : "0x6001f16",
  "native_offset" : "0x0",
  "filename" : "mscorlib.dll",
  "sizeofimage" : "0x470000",
  "timestamp" : "0x8c371253",
  "il_offset" : "0x00014"
 }
,
{
  "is_managed" : "true",
  "guid" : "BA70B917-36BD-40CB-990A-357097DBA9C3",
  "token" : "0x6001ebe",
  "native_offset" : "0x0",
  "filename" : "mscorlib.dll",
  "sizeofimage" : "0x470000",
  "timestamp" : "0x8c371253",
  "il_offset" : "0x00071"
 }
,
{
  "is_managed" : "true",
  "guid" : "BA70B917-36BD-40CB-990A-357097DBA9C3",
  "token" : "0x6001ebc",
  "native_offset" : "0x0",
  "filename" : "mscorlib.dll",
  "sizeofimage" : "0x470000",
  "timestamp" : "0x8c371253",
  "il_offset" : "0x00000"
 }
,
{
  "is_managed" : "true",
  "guid" : "BA70B917-36BD-40CB-990A-357097DBA9C3",
  "token" : "0x6001ebb",
  "native_offset" : "0x0",
  "filename" : "mscorlib.dll",
  "sizeofimage" : "0x470000",
  "timestamp" : "0x8c371253",
  "il_offset" : "0x0002b"
 }
,
{
  "is_managed" : "true",
  "guid" : "BA70B917-36BD-40CB-990A-357097DBA9C3",
  "token" : "0x6001f18",
  "native_offset" : "0x0",
  "filename" : "mscorlib.dll",
  "sizeofimage" : "0x470000",
  "timestamp" : "0x8c371253",
  "il_offset" : "0x00008"
 }
,
{
  "is_managed" : "true",
  "guid" : "BA70B917-36BD-40CB-990A-357097DBA9C3",
  "token" : "0x00000",
  "native_offset" : "0x0",
  "filename" : "mscorlib.dll",
  "sizeofimage" : "0x470000",
  "timestamp" : "0x8c371253",
  "il_offset" : "0xffffffff"
 }

],
"unmanaged_frames" : [
{
"native_address" : "unregistered"
}
,
{
"native_address" : "unregistered"
}
,
{
"native_address" : "unregistered"
}
,
{
"native_address" : "unregistered"
}
,
{
"native_address" : "unregistered"
}
,
{
"native_address" : "unregistered"
}
,
{
"native_address" : "unregistered"
}
,
{
"native_address" : "unregistered"
}
,
{
"native_address" : "unregistered"
}
,
{
"native_address" : "unregistered"
}
,
{
"native_address" : "unregistered"
}
,
{
"native_address" : "unregistered"
}
,
{
"native_address" : "unregistered"
}
,
{
"native_address" : "unregistered"
}
,
{
"native_address" : "unregistered"
}
,
{
"native_address" : "unregistered"
}
,
{
"native_address" : "unregistered"
}
,
{
"native_address" : "unregistered"
}
,
{
"native_address" : "unregistered"
}
,
{
"native_address" : "unregistered"
}
,
{
"native_address" : "unregistered"
}
,
{
"native_address" : "unregistered"
}
,
{
"native_address" : "unregistered"
}
,
{
"native_address" : "unregistered"
}
,
{
"native_address" : "unregistered"
}
,
{
"native_address" : "unregistered"
}
,
{
"native_address" : "unregistered"
}
,
{
"native_address" : "unregistered"
}
,
{
"native_address" : "unregistered"
}
,
{
"native_address" : "unregistered"
}
,
{
"native_address" : "unregistered"
}
,
{
"native_address" : "unregistered"
}
,
{
"native_address" : "unregistered"
}
,
{
"native_address" : "unregistered"
}
,
{
"native_address" : "unregistered"
}
,
{
"native_address" : "unregistered"
}
,
{
"native_address" : "unregistered"
}
,
{
"native_address" : "unregistered"
}
,
{
"native_address" : "unregistered"
}
,
{
"native_address" : "unregistered"
}
,
{
"native_address" : "unregistered"
}
,
{
"native_address" : "unregistered"
}
,
{
"native_address" : "unregistered"
}
,
{
"native_address" : "unregistered"
}
,
{
"native_address" : "unregistered"
}
,
{
"native_address" : "unregistered"
}
,
{
"native_address" : "unregistered"
}
,
{
"native_address" : "unregistered"
}
,
{
"native_address" : "unregistered"
}
,
{
"native_address" : "unregistered"
}
,
{
"native_address" : "unregistered"
}
,
{
"native_address" : "unregistered"
}
,
{
"native_address" : "unregistered"
}
,
{
"native_address" : "unregistered"
}
,
{
"native_address" : "unregistered"
}
,
{
"native_address" : "unregistered"
}
,
{
"native_address" : "unregistered"
}
,
{
"native_address" : "unregistered"
}
,
{
"native_address" : "unregistered"
}
,
{
"native_address" : "unregistered"
}
,
{
"native_address" : "unregistered"
}
,
{
"native_address" : "unregistered"
}
,
{
"native_address" : "unregistered"
}
,
{
"native_address" : "unregistered"
}
,
{
"native_address" : "unregistered"
}
,
{
"native_address" : "unregistered"
}
,
{
"native_address" : "unregistered"
}
,
{
"native_address" : "unregistered"
}
,
{
"native_address" : "unregistered"
}
,
{
"native_address" : "unregistered"
}
,
{
"native_address" : "unregistered"
}
,
{
"native_address" : "unregistered"
}
,
{
"native_address" : "unregistered"
}
,
{
"native_address" : "unregistered"
}
,
{
"native_address" : "unregistered"
}
,
{
"native_address" : "unregistered"
}
,
{
"native_address" : "unregistered"
}
,
{
"native_address" : "unregistered"
}
,
{
"native_address" : "unregistered"
}
,
{
"native_address" : "unregistered"
}

]
},
{
"is_managed" : false,
"offset_free_hash" : "0x0",
"offset_rich_hash" : "0x0",
"crashed" : false,
"native_thread_id" : "0xffffffffb023b000",
"thread_info_addr" : "0x799a9a00",
"thread_name" : "Finalizer",
"ctx" : {
"IP" : "0xa7bfc20e",
"SP" : "0xb023ae7c",
"BP" : "0xb023af08"
},
"unmanaged_frames" : [
{
"native_address" : "unregistered"
}
,
{
"native_address" : "unregistered"
}
,
{
"native_address" : "unregistered"
}
,
{
"native_address" : "unregistered"
}
,
{
"native_address" : "unregistered"
}
,
{
"native_address" : "unregistered"
}
,
{
"native_address" : "unregistered"
}
,
{
"native_address" : "unregistered"
}
,
{
"native_address" : "unregistered"
}
,
{
"native_address" : "unregistered"
}

]
},
{
"is_managed" : false,
"offset_free_hash" : "0x0",
"offset_rich_hash" : "0x0",
"crashed" : false,
"native_thread_id" : "0xffffffffb0b4f000",
"thread_info_addr" : "0x7a9c6e00",
"thread_name" : "Thread Pool Worker",
"ctx" : {
"IP" : "0xa7bfc226",
"SP" : "0xb0b4ee6c",
"BP" : "0xb0b4ef08"
},
"unmanaged_frames" : [
{
"native_address" : "unregistered"
}
,
{
"native_address" : "unregistered"
}
,
{
"native_address" : "unregistered"
}
,
{
"native_address" : "unregistered"
}
,
{
"native_address" : "unregistered"
}
,
{
"native_address" : "unregistered"
}
,
{
"native_address" : "unregistered"
}
,
{
"native_address" : "unregistered"
}
,
{
"native_address" : "unregistered"
}
,
{
"native_address" : "unregistered"
}

]
}
]
}