{
  "protocol_version" : "0.0.4",
  "configuration" : {
    "version" : "(6.4.0.208) (2019-06/07c23f2ca43)",
    "tlc" : "normal",
    "sigsgev" : "altstack",
    "notifications" : "kqueue",
    "architecture" : "x86",
    "disabled_features" : "none",
    "smallconfig" : "disabled",
    "bigarrays" : "disabled",
    "softdebug" : "enabled",
    "interpreter" : "enabled",
    "llvm_support" : "0",
    "suspend" : "hybrid"
  },
  "memory" : {
    "Resident Size" : "63909888",
    "Virtual Size" : "876429312",
    "minor_gc_time" : "0",
    "major_gc_time" : "0",
    "minor_gc_count" : "0",
    "major_gc_count" : "0",
    "major_gc_time_concurrent" : "0"
 },
  "threads" : [
 {
    "is_managed" : false,
    "offset_free_hash" : "0x0",
    "offset_rich_hash" : "0x0",
    "crashed" : false,
    "native_thread_id" : "0xffffffffb116e000",
    "thread_info_addr" : "0x7c115a00",
    "thread_name" : "Thread Pool Worker",
    "ctx" : {
      "IP" : "0xa7bfc226",
      "SP" : "0xb116de6c",
      "BP" : "0xb116df08"
  },
    "unmanaged_frames" : [
  {
      "native_address" : "unregistered"
   }
,
  {
      "native_address" : "unregistered"
   }
,
  {
      "native_address" : "unregistered"
   }
,
  {
      "native_address" : "unregistered"
   }
,
  {
      "native_address" : "unregistered"
   }
,
  {
      "native_address" : "unregistered"
   }
,
  {
      "native_address" : "unregistered"
   }
,
  {
      "native_address" : "unregistered"
   }
,
  {
      "native_address" : "unregistered"
   }
,
  {
      "native_address" : "unregistered"
   }

  ]
 },
 {
    "is_managed" : false,
    "offset_free_hash" : "0x0",
    "offset_rich_hash" : "0x0",
    "crashed" : false,
    "native_thread_id" : "0xffffffffb0e68000",
    "thread_info_addr" : "0x7e0b1400",
    "thread_name" : "tid_6203",
    "ctx" : {
      "IP" : "0xa7bff7aa",
      "SP" : "0xb0e67d7c",
      "BP" : "0xb0e67df8"
  },
    "unmanaged_frames" : [
  {
      "native_address" : "unregistered"
   }
,
  {
      "native_address" : "unregistered"
   }
,
  {
      "native_address" : "unregistered"
   }
,
  {
      "native_address" : "unregistered"
   }
,
  {
      "native_address" : "unregistered"
   }
,
  {
      "native_address" : "unregistered"
   }
,
  {
      "native_address" : "unregistered"
   }
,
  {
      "native_address" : "unregistered"
   }
,
  {
      "native_address" : "unregistered"
   }
,
  {
      "native_address" : "unregistered"
   }
,
  {
      "native_address" : "unregistered"
   }
,
  {
      "native_address" : "unregistered"
   }
,
  {
      "native_address" : "unregistered"
   }
,
  {
      "native_address" : "unregistered"
   }

  ]
 },
 {
    "is_managed" : true,
    "offset_free_hash" : "0x24ce3bd02",
    "offset_rich_hash" : "0x24ce3bd60",
    "crashed" : true,
    "native_thread_id" : "0x524080",
    "thread_info_addr" : "0x7d06e400",
    "thread_name" : "tid_303",
    "ctx" : {
      "IP" : "0x2519063",
      "SP" : "0xbffc9ac0",
      "BP" : "0xbffc9b08"
  },
    "managed_frames" : [
  {
      "native_address" : "unregistered"
   }
,
  {
      "is_managed" : "true",
      "guid" : "426A4590-353F-4268-97D5-A3E1EB51B9B8",
      "token" : "0x00000",
      "native_offset" : "0x0",
      "filename" : "gtk-sharp.dll",
      "sizeofimage" : "0x16a000",
      "timestamp" : "0x0",
      "il_offset" : "0xffffffff"
   }
,
  {
      "is_managed" : "true",
      "guid" : "426A4590-353F-4268-97D5-A3E1EB51B9B8",
      "token" : "0x6004038",
      "native_offset" : "0x0",
      "filename" : "gtk-sharp.dll",
      "sizeofimage" : "0x16a000",
      "timestamp" : "0x0",
      "il_offset" : "0x00001"
   }
,
  {
      "is_managed" : "true",
      "guid" : "4692474C-B313-471C-B436-190F50C748E3",
      "token" : "0x6000008",
      "native_offset" : "0x0",
      "filename" : "GTK_Demo_Client.exe",
      "sizeofimage" : "0xc000",
      "timestamp" : "0x5de22e74",
      "il_offset" : "0x0005f"
   }
,
  {
      "is_managed" : "true",
      "guid" : "4692474C-B313-471C-B436-190F50C748E3",
      "token" : "0x00000",
      "native_offset" : "0x0",
      "filename" : "GTK_Demo_Client.exe",
      "sizeofimage" : "0xc000",
      "timestamp" : "0x5de22e74",
      "il_offset" : "0xffffffff"
   }

  ]
 },
 {
    "is_managed" : false,
    "offset_free_hash" : "0x0",
    "offset_rich_hash" : "0x0",
    "crashed" : false,
    "native_thread_id" : "0xffffffffb095c000",
    "thread_info_addr" : "0x7d06d400",
    "thread_name" : "tid_2603",
    "ctx" : {
      "IP" : "0x2dd7dc",
      "SP" : "0xb095b9b0",
      "BP" : "0xb095ba38"
  },
    "unmanaged_frames" : [
  {
      "native_address" : "unregistered"
   }
,
  {
      "native_address" : "unregistered"
   }
,
  {
      "native_address" : "unregistered"
   }
,
  {
      "native_address" : "unregistered"
   }
,
  {
      "native_address" : "unregistered"
   }
,
  {
      "native_address" : "unregistered"
   }
,
  {
      "native_address" : "unregistered"
   }
,
  {
      "native_address" : "unregistered"
   }
,
  {
      "native_address" : "unregistered"
   }
,
  {
      "native_address" : "unregistered"
   }
,
  {
      "native_address" : "unregistered"
   }
,
  {
      "native_address" : "unregistered"
   }
,
  {
      "native_address" : "unregistered"
   }
,
  {
      "native_address" : "unregistered"
   }
,
  {
      "native_address" : "unregistered"
   }
,
  {
      "native_address" : "unregistered"
   }
,
  {
      "native_address" : "unregistered"
   }
,
  {
      "native_address" : "unregistered"
   }
,
  {
      "native_address" : "unregistered"
   }
,
  {
      "native_address" : "unregistered"
   }
,
  {
      "native_address" : "unregistered"
   }
,
  {
      "native_address" : "unregistered"
   }
,
  {
      "native_address" : "unregistered"
   }
,
  {
      "native_address" : "unregistered"
   }
,
  {
      "native_address" : "unregistered"
   }
,
  {
      "native_address" : "unregistered"
   }

  ]
 },
 {
    "is_managed" : false,
    "offset_free_hash" : "0x0",
    "offset_rich_hash" : "0x0",
    "crashed" : false,
    "native_thread_id" : "0xffffffffb0f6a000",
    "thread_info_addr" : "0x7d161a00",
    "thread_name" : "Thread Pool Worker",
    "ctx" : {
      "IP" : "0xa7bfc226",
      "SP" : "0xb0f69e6c",
      "BP" : "0xb0f69f08"
  },
    "unmanaged_frames" : [
  {
      "native_address" : "unregistered"
   }
,
  {
      "native_address" : "unregistered"
   }
,
  {
      "native_address" : "unregistered"
   }
,
  {
      "native_address" : "unregistered"
   }
,
  {
      "native_address" : "unregistered"
   }
,
  {
      "native_address" : "unregistered"
   }
,
  {
      "native_address" : "unregistered"
   }
,
  {
      "native_address" : "unregistered"
   }
,
  {
      "native_address" : "unregistered"
   }
,
  {
      "native_address" : "unregistered"
   }

  ]
 },
 {
    "is_managed" : true,
    "offset_free_hash" : "0x682392ee8",
    "offset_rich_hash" : "0x682392fef",
    "crashed" : false,
    "native_thread_id" : "0xffffffffb0a5e000",
    "thread_info_addr" : "0x7d089a00",
    "thread_name" : "tid_2503",
    "ctx" : {
      "IP" : "0x2f2cf63",
      "SP" : "0xb0a5c730",
      "BP" : "0xb0a5c748"
  },
    "managed_frames" : [
  {
      "native_address" : "unregistered"
   }
,
  {
      "is_managed" : "true",
      "guid" : "426A4590-353F-4268-97D5-A3E1EB51B9B8",
      "token" : "0x00000",
      "native_offset" : "0x0",
      "filename" : "gtk-sharp.dll",
      "sizeofimage" : "0x16a000",
      "timestamp" : "0x0",
      "il_offset" : "0xffffffff"
   }
,
  {
      "is_managed" : "true",
      "guid" : "426A4590-353F-4268-97D5-A3E1EB51B9B8",
      "token" : "0x6003d4a",
      "native_offset" : "0x0",
      "filename" : "gtk-sharp.dll",
      "sizeofimage" : "0x16a000",
      "timestamp" : "0x0",
      "il_offset" : "0x00007"
   }
,
  {
      "is_managed" : "true",
      "guid" : "4692474C-B313-471C-B436-190F50C748E3",
      "token" : "0x600000e",
      "native_offset" : "0x0",
      "filename" : "GTK_Demo_Client.exe",
      "sizeofimage" : "0xc000",
      "timestamp" : "0x5de22e74",
      "il_offset" : "0x0003e"
   }
,
  {
      "is_managed" : "true",
      "guid" : "4692474C-B313-471C-B436-190F50C748E3",
      "token" : "0x600000d",
      "native_offset" : "0x0",
      "filename" : "GTK_Demo_Client.exe",
      "sizeofimage" : "0xc000",
      "timestamp" : "0x5de22e74",
      "il_offset" : "0x0000c"
   }
,
  {
      "is_managed" : "true",
      "guid" : "BA70B917-36BD-40CB-990A-357097DBA9C3",
      "token" : "0x6001f16",
      "native_offset" : "0x0",
      "filename" : "mscorlib.dll",
      "sizeofimage" : "0x470000",
      "timestamp" : "0x8c371253",
      "il_offset" : "0x00014"
   }
,
  {
      "is_managed" : "true",
      "guid" : "BA70B917-36BD-40CB-990A-357097DBA9C3",
      "token" : "0x6001ebe",
      "native_offset" : "0x0",
      "filename" : "mscorlib.dll",
      "sizeofimage" : "0x470000",
      "timestamp" : "0x8c371253",
      "il_offset" : "0x00071"
   }
,
  {
      "is_managed" : "true",
      "guid" : "BA70B917-36BD-40CB-990A-357097DBA9C3",
      "token" : "0x6001ebc",
      "native_offset" : "0x0",
      "filename" : "mscorlib.dll",
      "sizeofimage" : "0x470000",
      "timestamp" : "0x8c371253",
      "il_offset" : "0x00000"
   }
,
  {
      "is_managed" : "true",
      "guid" : "BA70B917-36BD-40CB-990A-357097DBA9C3",
      "token" : "0x6001ebb",
      "native_offset" : "0x0",
      "filename" : "mscorlib.dll",
      "sizeofimage" : "0x470000",
      "timestamp" : "0x8c371253",
      "il_offset" : "0x0002b"
   }
,
  {
      "is_managed" : "true",
      "guid" : "BA70B917-36BD-40CB-990A-357097DBA9C3",
      "token" : "0x6001f18",
      "native_offset" : "0x0",
      "filename" : "mscorlib.dll",
      "sizeofimage" : "0x470000",
      "timestamp" : "0x8c371253",
      "il_offset" : "0x00008"
   }
,
  {
      "is_managed" : "true",
      "guid" : "BA70B917-36BD-40CB-990A-357097DBA9C3",
      "token" : "0x00000",
      "native_offset" : "0x0",
      "filename" : "mscorlib.dll",
      "sizeofimage" : "0x470000",
      "timestamp" : "0x8c371253",
      "il_offset" : "0xffffffff"
   }

  ],
  "unmanaged_frames" : [
 {
    "native_address" : "unregistered"
  }
,
 {
    "native_address" : "unregistered"
  }
,
 {
    "native_address" : "unregistered"
  }
,
 {
    "native_address" : "unregistered"
  }
,
 {
    "native_address" : "unregistered"
  }
,
 {
    "native_address" : "unregistered"
  }
,
 {
    "native_address" : "unregistered"
  }
,
 {
    "native_address" : "unregistered"
  }
,
 {
    "native_address" : "unregistered"
  }
,
 {
    "native_address" : "unregistered"
  }
,
 {
    "native_address" : "unregistered"
  }
,
 {
    "native_address" : "unregistered"
  }
,
 {
    "native_address" : "unregistered"
  }
,
 {
    "native_address" : "unregistered"
  }
,
 {
    "native_address" : "unregistered"
  }
,
 {
    "native_address" : "unregistered"
  }
,
 {
    "native_address" : "unregistered"
  }
,
 {
    "native_address" : "unregistered"
  }
,
 {
    "native_address" : "unregistered"
  }
,
 {
    "native_address" : "unregistered"
  }
,
 {
    "native_address" : "unregistered"
  }
,
 {
    "native_address" : "unregistered"
  }
,
 {
    "native_address" : "unregistered"
  }
,
 {
    "native_address" : "unregistered"
  }
,
 {
    "native_address" : "unregistered"
  }
,
 {
    "native_address" : "unregistered"
  }
,
 {
    "native_address" : "unregistered"
  }
,
 {
    "native_address" : "unregistered"
  }
,
 {
    "native_address" : "unregistered"
  }
,
 {
    "native_address" : "unregistered"
  }
,
 {
    "native_address" : "unregistered"
  }
,
 {
    "native_address" : "unregistered"
  }
,
 {
    "native_address" : "unregistered"
  }
,
 {
    "native_address" : "unregistered"
  }
,
 {
    "native_address" : "unregistered"
  }
,
 {
    "native_address" : "unregistered"
  }
,
 {
    "native_address" : "unregistered"
  }
,
 {
    "native_address" : "unregistered"
  }
,
 {
    "native_address" : "unregistered"
  }
,
 {
    "native_address" : "unregistered"
  }
,
 {
    "native_address" : "unregistered"
  }
,
 {
    "native_address" : "unregistered"
  }
,
 {
    "native_address" : "unregistered"
  }
,
 {
    "native_address" : "unregistered"
  }
,
 {
    "native_address" : "unregistered"
  }
,
 {
    "native_address" : "unregistered"
  }
,
 {
    "native_address" : "unregistered"
  }
,
 {
    "native_address" : "unregistered"
  }
,
 {
    "native_address" : "unregistered"
  }
,
 {
    "native_address" : "unregistered"
  }
,
 {
    "native_address" : "unregistered"
  }
,
 {
    "native_address" : "unregistered"
  }
,
 {
    "native_address" : "unregistered"
  }
,
 {
    "native_address" : "unregistered"
  }
,
 {
    "native_address" : "unregistered"
  }
,
 {
    "native_address" : "unregistered"
  }
,
 {
    "native_address" : "unregistered"
  }
,
 {
    "native_address" : "unregistered"
  }
,
 {
    "native_address" : "unregistered"
  }
,
 {
    "native_address" : "unregistered"
  }
,
 {
    "native_address" : "unregistered"
  }
,
 {
    "native_address" : "unregistered"
  }
,
 {
    "native_address" : "unregistered"
  }
,
 {
    "native_address" : "unregistered"
  }
,
 {
    "native_address" : "unregistered"
  }
,
 {
    "native_address" : "unregistered"
  }
,
 {
    "native_address" : "unregistered"
  }
,
 {
    "native_address" : "unregistered"
  }
,
 {
    "native_address" : "unregistered"
  }
,
 {
    "native_address" : "unregistered"
  }
,
 {
    "native_address" : "unregistered"
  }
,
 {
    "native_address" : "unregistered"
  }
,
 {
    "native_address" : "unregistered"
  }
,
 {
    "native_address" : "unregistered"
  }
,
 {
    "native_address" : "unregistered"
  }
,
 {
    "native_address" : "unregistered"
  }
,
 {
    "native_address" : "unregistered"
  }
,
 {
    "native_address" : "unregistered"
  }
,
 {
    "native_address" : "unregistered"
  }
,
 {
    "native_address" : "unregistered"
  }

 ]
},
{
  "is_managed" : false,
  "offset_free_hash" : "0x0",
  "offset_rich_hash" : "0x0",
  "crashed" : false,
  "native_thread_id" : "0xffffffffb0758000",
  "thread_info_addr" : "0x7d86a400",
  "thread_name" : "Finalizer",
  "ctx" : {
    "IP" : "0xa7bfc20e",
    "SP" : "0xb0757e7c",
    "BP" : "0xb0757f08"
 },
  "unmanaged_frames" : [
 {
    "native_address" : "unregistered"
  }
,
 {
    "native_address" : "unregistered"
  }
,
 {
    "native_address" : "unregistered"
  }
,
 {
    "native_address" : "unregistered"
  }
,
 {
    "native_address" : "unregistered"
  }
,
 {
    "native_address" : "unregistered"
  }
,
 {
    "native_address" : "unregistered"
  }
,
 {
    "native_address" : "unregistered"
  }
,
 {
    "native_address" : "unregistered"
  }
,
 {
    "native_address" : "unregistered"
  }

 ]
},
{
  "is_managed" : false,
  "offset_free_hash" : "0x0",
  "offset_rich_hash" : "0x0",
  "crashed" : false,
  "native_thread_id" : "0xffffffffb106c000",
  "thread_info_addr" : "0x7c0b2c00",
  "thread_name" : "Thread Pool Worker",
  "ctx" : {
    "IP" : "0xa7bfc226",
    "SP" : "0xb106be6c",
    "BP" : "0xb106bf08"
 },
  "unmanaged_frames" : [
 {
    "native_address" : "unregistered"
  }
,
 {
    "native_address" : "unregistered"
  }
,
 {
    "native_address" : "unregistered"
  }
,
 {
    "native_address" : "unregistered"
  }
,
 {
    "native_address" : "unregistered"
  }
,
 {
    "native_address" : "unregistered"
  }
,
 {
    "native_address" : "unregistered"
  }
,
 {
    "native_address" : "unregistered"
  }
,
 {
    "native_address" : "unregistered"
  }
,
 {
    "native_address" : "unregistered"
  }

 ]
},
{
  "is_managed" : false,
  "offset_free_hash" : "0x0",
  "offset_rich_hash" : "0x0",
  "crashed" : false,
  "native_thread_id" : "0xffffffffb0d66000",
  "thread_info_addr" : "0x7d110600",
  "thread_name" : "Thread Pool I/O Selector",
  "ctx" : {
    "IP" : "0xa7c032b2",
    "SP" : "0xb0d65c5c",
    "BP" : "0xb0d65e18"
 },
  "unmanaged_frames" : [
 {
    "native_address" : "unregistered"
  }
,
 {
    "native_address" : "unregistered"
  }
,
 {
    "native_address" : "unregistered"
  }
,
 {
    "native_address" : "unregistered"
  }
,
 {
    "native_address" : "unregistered"
  }
,
 {
    "native_address" : "unregistered"
  }
,
 {
    "native_address" : "unregistered"
  }
,
 {
    "native_address" : "unregistered"
  }
,
 {
    "native_address" : "unregistered"
  }
,
 {
    "native_address" : "unregistered"
  }
,
 {
    "native_address" : "unregistered"
  }
,
 {
    "native_address" : "unregistered"
  }

 ]
},
{
  "is_managed" : true,
  "offset_free_hash" : "0x7d4e76119",
  "offset_rich_hash" : "0x7d4e76218",
  "crashed" : false,
  "native_thread_id" : "0xffffffffb0b60000",
  "thread_info_addr" : "0x7c075a00",
  "thread_name" : "tid_1c03",
  "ctx" : {
    "IP" : "0x2dcfee",
    "SP" : "0xb0b5fa60",
    "BP" : "0xb0b5fab8"
 },
  "managed_frames" : [
 {
    "native_address" : "unregistered"
  }
,
 {
    "is_managed" : "true",
    "guid" : "BA70B917-36BD-40CB-990A-357097DBA9C3",
    "token" : "0x00000",
    "native_offset" : "0x0",
    "filename" : "mscorlib.dll",
    "sizeofimage" : "0x470000",
    "timestamp" : "0x8c371253",
    "il_offset" : "0xffffffff"
  }
,
 {
    "is_managed" : "true",
    "guid" : "4692474C-B313-471C-B436-190F50C748E3",
    "token" : "0x600001e",
    "native_offset" : "0x0",
    "filename" : "GTK_Demo_Client.exe",
    "sizeofimage" : "0xc000",
    "timestamp" : "0x5de22e74",
    "il_offset" : "0x00030"
  }
,
 {
    "is_managed" : "true",
    "guid" : "4692474C-B313-471C-B436-190F50C748E3",
    "token" : "0x6000012",
    "native_offset" : "0x0",
    "filename" : "GTK_Demo_Client.exe",
    "sizeofimage" : "0xc000",
    "timestamp" : "0x5de22e74",
    "il_offset" : "0x0000a"
  }
,
 {
    "is_managed" : "true",
    "guid" : "4692474C-B313-471C-B436-190F50C748E3",
    "token" : "0x6000011",
    "native_offset" : "0x0",
    "filename" : "GTK_Demo_Client.exe",
    "sizeofimage" : "0xc000",
    "timestamp" : "0x5de22e74",
    "il_offset" : "0x0000f"
  }
,
 {
    "is_managed" : "true",
    "guid" : "BA70B917-36BD-40CB-990A-357097DBA9C3",
    "token" : "0x6001f16",
    "native_offset" : "0x0",
    "filename" : "mscorlib.dll",
    "sizeofimage" : "0x470000",
    "timestamp" : "0x8c371253",
    "il_offset" : "0x00014"
  }
,
 {
    "is_managed" : "true",
    "guid" : "BA70B917-36BD-40CB-990A-357097DBA9C3",
    "token" : "0x6001ebe",
    "native_offset" : "0x0",
    "filename" : "mscorlib.dll",
    "sizeofimage" : "0x470000",
    "timestamp" : "0x8c371253",
    "il_offset" : "0x00071"
  }
,
 {
    "is_managed" : "true",
    "guid" : "BA70B917-36BD-40CB-990A-357097DBA9C3",
    "token" : "0x6001ebc",
    "native_offset" : "0x0",
    "filename" : "mscorlib.dll",
    "sizeofimage" : "0x470000",
    "timestamp" : "0x8c371253",
    "il_offset" : "0x00000"
  }
,
 {
    "is_managed" : "true",
    "guid" : "BA70B917-36BD-40CB-990A-357097DBA9C3",
    "token" : "0x6001ebb",
    "native_offset" : "0x0",
    "filename" : "mscorlib.dll",
    "sizeofimage" : "0x470000",
    "timestamp" : "0x8c371253",
    "il_offset" : "0x0002b"
  }
,
 {
    "is_managed" : "true",
    "guid" : "BA70B917-36BD-40CB-990A-357097DBA9C3",
    "token" : "0x6001f18",
    "native_offset" : "0x0",
    "filename" : "mscorlib.dll",
    "sizeofimage" : "0x470000",
    "timestamp" : "0x8c371253",
    "il_offset" : "0x00008"
  }
,
 {
    "is_managed" : "true",
    "guid" : "BA70B917-36BD-40CB-990A-357097DBA9C3",
    "token" : "0x00000",
    "native_offset" : "0x0",
    "filename" : "mscorlib.dll",
    "sizeofimage" : "0x470000",
    "timestamp" : "0x8c371253",
    "il_offset" : "0xffffffff"
  }

 ],
"unmanaged_frames" : [
{
  "native_address" : "unregistered"
 }
,
{
  "native_address" : "unregistered"
 }
,
{
  "native_address" : "unregistered"
 }
,
{
  "native_address" : "unregistered"
 }
,
{
  "native_address" : "unregistered"
 }
,
{
  "native_address" : "unregistered"
 }
,
{
  "native_address" : "unregistered"
 }
,
{
  "native_address" : "unregistered"
 }
,
{
  "native_address" : "unregistered"
 }
,
{
  "native_address" : "unregistered"
 }
,
{
  "native_address" : "unregistered"
 }
,
{
  "native_address" : "unregistered"
 }
,
{
  "native_address" : "unregistered"
 }
,
{
  "native_address" : "unregistered"
 }
,
{
  "native_address" : "unregistered"
 }
,
{
  "native_address" : "unregistered"
 }
,
{
  "native_address" : "unregistered"
 }
,
{
  "native_address" : "unregistered"
 }
,
{
  "native_address" : "unregistered"
 }
,
{
  "native_address" : "unregistered"
 }
,
{
  "native_address" : "unregistered"
 }
,
{
  "native_address" : "unregistered"
 }
,
{
  "native_address" : "unregistered"
 }
,
{
  "native_address" : "unregistered"
 }

]
},
{
"is_managed" : false,
"offset_free_hash" : "0x0",
"offset_rich_hash" : "0x0",
"crashed" : false,
"native_thread_id" : "0xffffffffb085a000",
"thread_info_addr" : "0x7d873600",
"thread_name" : "Debugger agent",
"ctx" : {
  "IP" : "0xa7bff3a6",
  "SP" : "0xb0859aec",
  "BP" : "0xb0859b18"
},
"unmanaged_frames" : [
{
  "native_address" : "unregistered"
 }
,
{
  "native_address" : "unregistered"
 }
,
{
  "native_address" : "unregistered"
 }
,
{
  "native_address" : "unregistered"
 }
,
{
  "native_address" : "unregistered"
 }
,
{
  "native_address" : "unregistered"
 }
,
{
  "native_address" : "unregistered"
 }
,
{
  "native_address" : "unregistered"
 }
,
{
  "native_address" : "unregistered"
 }
,
{
  "native_address" : "unregistered"
 }
,
{
  "native_address" : "unregistered"
 }
,
{
  "native_address" : "unregistered"
 }

]
}
]
}