{
  "protocol_version" : "0.0.4",
  "configuration" : {
    "version" : "(6.4.0.208) (2019-06/07c23f2ca43)",
    "tlc" : "normal",
    "sigsgev" : "altstack",
    "notifications" : "kqueue",
    "architecture" : "x86",
    "disabled_features" : "none",
    "smallconfig" : "disabled",
    "bigarrays" : "disabled",
    "softdebug" : "enabled",
    "interpreter" : "enabled",
    "llvm_support" : "0",
    "suspend" : "hybrid"
  },
  "memory" : {
    "Resident Size" : "60321792",
    "Virtual Size" : "868167680",
    "minor_gc_time" : "0",
    "major_gc_time" : "0",
    "minor_gc_count" : "0",
    "major_gc_count" : "0",
    "major_gc_time_concurrent" : "0"
 },
  "threads" : [
 {
    "is_managed" : false,
    "offset_free_hash" : "0x0",
    "offset_rich_hash" : "0x0",
    "crashed" : false,
    "native_thread_id" : "0xffffffffb157a000",
    "thread_info_addr" : "0x79146000",
    "thread_name" : "tid_7e07",
    "ctx" : {
      "IP" : "0xa7bfc226",
      "SP" : "0xb1579e6c",
      "BP" : "0xb1579f08"
  },
    "unmanaged_frames" : [
  {
      "native_address" : "unregistered"
   }
,
  {
      "native_address" : "unregistered"
   }
,
  {
      "native_address" : "unregistered"
   }
,
  {
      "native_address" : "unregistered"
   }
,
  {
      "native_address" : "unregistered"
   }
,
  {
      "native_address" : "unregistered"
   }
,
  {
      "native_address" : "unregistered"
   }
,
  {
      "native_address" : "unregistered"
   }
,
  {
      "native_address" : "unregistered"
   }
,
  {
      "native_address" : "unregistered"
   }

  ]
 },
 {
    "is_managed" : false,
    "offset_free_hash" : "0x0",
    "offset_rich_hash" : "0x0",
    "crashed" : false,
    "native_thread_id" : "0xffffffffb10ee000",
    "thread_info_addr" : "0x790d5000",
    "thread_name" : "Thread Pool Worker",
    "ctx" : {
      "IP" : "0xa7bfc226",
      "SP" : "0xb10ede6c",
      "BP" : "0xb10edf08"
  },
    "unmanaged_frames" : [
  {
      "native_address" : "unregistered"
   }
,
  {
      "native_address" : "unregistered"
   }
,
  {
      "native_address" : "unregistered"
   }
,
  {
      "native_address" : "unregistered"
   }
,
  {
      "native_address" : "unregistered"
   }
,
  {
      "native_address" : "unregistered"
   }
,
  {
      "native_address" : "unregistered"
   }
,
  {
      "native_address" : "unregistered"
   }
,
  {
      "native_address" : "unregistered"
   }
,
  {
      "native_address" : "unregistered"
   }

  ]
 },
 {
    "is_managed" : true,
    "offset_free_hash" : "0x77f8fc6ea",
    "offset_rich_hash" : "0x77f8fc7f7",
    "crashed" : false,
    "native_thread_id" : "0xffffffffb0be2000",
    "thread_info_addr" : "0x7a824800",
    "thread_name" : "tid_1c03",
    "ctx" : {
      "IP" : "0xa7c763cc",
      "SP" : "0xb0be0acc",
      "BP" : "0xb0be0ae8"
  },
    "managed_frames" : [
  {
      "native_address" : "unregistered"
   }
,
  {
      "is_managed" : "true",
      "guid" : "426A4590-353F-4268-97D5-A3E1EB51B9B8",
      "token" : "0x00000",
      "native_offset" : "0x0",
      "filename" : "gtk-sharp.dll",
      "sizeofimage" : "0x16a000",
      "timestamp" : "0x0",
      "il_offset" : "0xffffffff"
   }
,
  {
      "is_managed" : "true",
      "guid" : "426A4590-353F-4268-97D5-A3E1EB51B9B8",
      "token" : "0x6003d4a",
      "native_offset" : "0x0",
      "filename" : "gtk-sharp.dll",
      "sizeofimage" : "0x16a000",
      "timestamp" : "0x0",
      "il_offset" : "0x00007"
   }
,
  {
      "is_managed" : "true",
      "guid" : "0E250745-9E6F-4AA8-BFCF-C98128A43912",
      "token" : "0x6000006",
      "native_offset" : "0x0",
      "filename" : "GTK_Demo_Client.exe",
      "sizeofimage" : "0xc000",
      "timestamp" : "0x5de33d17",
      "il_offset" : "0x00018"
   }
,
  {
      "is_managed" : "true",
      "guid" : "0E250745-9E6F-4AA8-BFCF-C98128A43912",
      "token" : "0x6000019",
      "native_offset" : "0x0",
      "filename" : "GTK_Demo_Client.exe",
      "sizeofimage" : "0xc000",
      "timestamp" : "0x5de33d17",
      "il_offset" : "0x0002c"
   }
,
  {
      "is_managed" : "true",
      "guid" : "0E250745-9E6F-4AA8-BFCF-C98128A43912",
      "token" : "0x6000018",
      "native_offset" : "0x0",
      "filename" : "GTK_Demo_Client.exe",
      "sizeofimage" : "0xc000",
      "timestamp" : "0x5de33d17",
      "il_offset" : "0x0000c"
   }
,
  {
      "is_managed" : "true",
      "guid" : "BA70B917-36BD-40CB-990A-357097DBA9C3",
      "token" : "0x6001f16",
      "native_offset" : "0x0",
      "filename" : "mscorlib.dll",
      "sizeofimage" : "0x470000",
      "timestamp" : "0x8c371253",
      "il_offset" : "0x00014"
   }
,
  {
      "is_managed" : "true",
      "guid" : "BA70B917-36BD-40CB-990A-357097DBA9C3",
      "token" : "0x6001ebe",
      "native_offset" : "0x0",
      "filename" : "mscorlib.dll",
      "sizeofimage" : "0x470000",
      "timestamp" : "0x8c371253",
      "il_offset" : "0x00071"
   }
,
  {
      "is_managed" : "true",
      "guid" : "BA70B917-36BD-40CB-990A-357097DBA9C3",
      "token" : "0x6001ebc",
      "native_offset" : "0x0",
      "filename" : "mscorlib.dll",
      "sizeofimage" : "0x470000",
      "timestamp" : "0x8c371253",
      "il_offset" : "0x00000"
   }
,
  {
      "is_managed" : "true",
      "guid" : "BA70B917-36BD-40CB-990A-357097DBA9C3",
      "token" : "0x6001ebb",
      "native_offset" : "0x0",
      "filename" : "mscorlib.dll",
      "sizeofimage" : "0x470000",
      "timestamp" : "0x8c371253",
      "il_offset" : "0x0002b"
   }
,
  {
      "is_managed" : "true",
      "guid" : "BA70B917-36BD-40CB-990A-357097DBA9C3",
      "token" : "0x6001f18",
      "native_offset" : "0x0",
      "filename" : "mscorlib.dll",
      "sizeofimage" : "0x470000",
      "timestamp" : "0x8c371253",
      "il_offset" : "0x00008"
   }
,
  {
      "is_managed" : "true",
      "guid" : "BA70B917-36BD-40CB-990A-357097DBA9C3",
      "token" : "0x00000",
      "native_offset" : "0x0",
      "filename" : "mscorlib.dll",
      "sizeofimage" : "0x470000",
      "timestamp" : "0x8c371253",
      "il_offset" : "0xffffffff"
   }

  ],
  "unmanaged_frames" : [
 {
    "native_address" : "unregistered"
  }
,
 {
    "native_address" : "unregistered"
  }
,
 {
    "native_address" : "unregistered"
  }
,
 {
    "native_address" : "unregistered"
  }
,
 {
    "native_address" : "unregistered"
  }
,
 {
    "native_address" : "unregistered"
  }
,
 {
    "native_address" : "unregistered"
  }
,
 {
    "native_address" : "unregistered"
  }
,
 {
    "native_address" : "unregistered"
  }
,
 {
    "native_address" : "unregistered"
  }
,
 {
    "native_address" : "unregistered"
  }
,
 {
    "native_address" : "unregistered"
  }
,
 {
    "native_address" : "unregistered"
  }
,
 {
    "native_address" : "unregistered"
  }
,
 {
    "native_address" : "unregistered"
  }
,
 {
    "native_address" : "unregistered"
  }
,
 {
    "native_address" : "unregistered"
  }
,
 {
    "native_address" : "unregistered"
  }
,
 {
    "native_address" : "unregistered"
  }
,
 {
    "native_address" : "unregistered"
  }
,
 {
    "native_address" : "unregistered"
  }
,
 {
    "native_address" : "unregistered"
  }
,
 {
    "native_address" : "unregistered"
  }
,
 {
    "native_address" : "unregistered"
  }
,
 {
    "native_address" : "unregistered"
  }
,
 {
    "native_address" : "unregistered"
  }
,
 {
    "native_address" : "unregistered"
  }
,
 {
    "native_address" : "unregistered"
  }
,
 {
    "native_address" : "unregistered"
  }
,
 {
    "native_address" : "unregistered"
  }
,
 {
    "native_address" : "unregistered"
  }
,
 {
    "native_address" : "unregistered"
  }
,
 {
    "native_address" : "unregistered"
  }
,
 {
    "native_address" : "unregistered"
  }
,
 {
    "native_address" : "unregistered"
  }
,
 {
    "native_address" : "unregistered"
  }
,
 {
    "native_address" : "unregistered"
  }
,
 {
    "native_address" : "unregistered"
  }
,
 {
    "native_address" : "unregistered"
  }
,
 {
    "native_address" : "unregistered"
  }
,
 {
    "native_address" : "unregistered"
  }
,
 {
    "native_address" : "unregistered"
  }
,
 {
    "native_address" : "unregistered"
  }
,
 {
    "native_address" : "unregistered"
  }
,
 {
    "native_address" : "unregistered"
  }
,
 {
    "native_address" : "unregistered"
  }
,
 {
    "native_address" : "unregistered"
  }
,
 {
    "native_address" : "unregistered"
  }
,
 {
    "native_address" : "unregistered"
  }
,
 {
    "native_address" : "unregistered"
  }
,
 {
    "native_address" : "unregistered"
  }
,
 {
    "native_address" : "unregistered"
  }
,
 {
    "native_address" : "unregistered"
  }
,
 {
    "native_address" : "unregistered"
  }
,
 {
    "native_address" : "unregistered"
  }
,
 {
    "native_address" : "unregistered"
  }
,
 {
    "native_address" : "unregistered"
  }
,
 {
    "native_address" : "unregistered"
  }
,
 {
    "native_address" : "unregistered"
  }
,
 {
    "native_address" : "unregistered"
  }
,
 {
    "native_address" : "unregistered"
  }
,
 {
    "native_address" : "unregistered"
  }
,
 {
    "native_address" : "unregistered"
  }
,
 {
    "native_address" : "unregistered"
  }
,
 {
    "native_address" : "unregistered"
  }
,
 {
    "native_address" : "unregistered"
  }
,
 {
    "native_address" : "unregistered"
  }
,
 {
    "native_address" : "unregistered"
  }
,
 {
    "native_address" : "unregistered"
  }
,
 {
    "native_address" : "unregistered"
  }
,
 {
    "native_address" : "unregistered"
  }

 ]
},
{
  "is_managed" : false,
  "offset_free_hash" : "0x0",
  "offset_rich_hash" : "0x0",
  "crashed" : false,
  "native_thread_id" : "0xffffffffb08dc000",
  "thread_info_addr" : "0x7902f400",
  "thread_name" : "Finalizer",
  "ctx" : {
    "IP" : "0xa7bfc20e",
    "SP" : "0xb08dbe7c",
    "BP" : "0xb08dbf08"
 },
  "unmanaged_frames" : [
 {
    "native_address" : "unregistered"
  }
,
 {
    "native_address" : "unregistered"
  }
,
 {
    "native_address" : "unregistered"
  }
,
 {
    "native_address" : "unregistered"
  }
,
 {
    "native_address" : "unregistered"
  }
,
 {
    "native_address" : "unregistered"
  }
,
 {
    "native_address" : "unregistered"
  }
,
 {
    "native_address" : "unregistered"
  }
,
 {
    "native_address" : "unregistered"
  }
,
 {
    "native_address" : "unregistered"
  }

 ]
},
{
  "is_managed" : false,
  "offset_free_hash" : "0x0",
  "offset_rich_hash" : "0x0",
  "crashed" : false,
  "native_thread_id" : "0xffffffffb11f0000",
  "thread_info_addr" : "0x7b0b3800",
  "thread_name" : "Thread Pool Worker",
  "ctx" : {
    "IP" : "0xa7bfc226",
    "SP" : "0xb11efe6c",
    "BP" : "0xb11eff08"
 },
  "unmanaged_frames" : [
 {
    "native_address" : "unregistered"
  }
,
 {
    "native_address" : "unregistered"
  }
,
 {
    "native_address" : "unregistered"
  }
,
 {
    "native_address" : "unregistered"
  }
,
 {
    "native_address" : "unregistered"
  }
,
 {
    "native_address" : "unregistered"
  }
,
 {
    "native_address" : "unregistered"
  }
,
 {
    "native_address" : "unregistered"
  }
,
 {
    "native_address" : "unregistered"
  }
,
 {
    "native_address" : "unregistered"
  }

 ]
},
{
  "is_managed" : true,
  "offset_free_hash" : "0x7d4e7613d",
  "offset_rich_hash" : "0x7d4e76239",
  "crashed" : false,
  "native_thread_id" : "0xffffffffb0ce4000",
  "thread_info_addr" : "0x79838400",
  "thread_name" : "tid_2403",
  "ctx" : {
    "IP" : "0x35b5b2",
    "SP" : "0xb0ce3a50",
    "BP" : "0xb0ce3a58"
 },
  "managed_frames" : [
 {
    "native_address" : "unregistered"
  }
,
 {
    "is_managed" : "true",
    "guid" : "BA70B917-36BD-40CB-990A-357097DBA9C3",
    "token" : "0x00000",
    "native_offset" : "0x0",
    "filename" : "mscorlib.dll",
    "sizeofimage" : "0x470000",
    "timestamp" : "0x8c371253",
    "il_offset" : "0xffffffff"
  }
,
 {
    "is_managed" : "true",
    "guid" : "0E250745-9E6F-4AA8-BFCF-C98128A43912",
    "token" : "0x600002a",
    "native_offset" : "0x0",
    "filename" : "GTK_Demo_Client.exe",
    "sizeofimage" : "0xc000",
    "timestamp" : "0x5de33d17",
    "il_offset" : "0x00030"
  }
,
 {
    "is_managed" : "true",
    "guid" : "0E250745-9E6F-4AA8-BFCF-C98128A43912",
    "token" : "0x600001e",
    "native_offset" : "0x0",
    "filename" : "GTK_Demo_Client.exe",
    "sizeofimage" : "0xc000",
    "timestamp" : "0x5de33d17",
    "il_offset" : "0x0000a"
  }
,
 {
    "is_managed" : "true",
    "guid" : "0E250745-9E6F-4AA8-BFCF-C98128A43912",
    "token" : "0x600001d",
    "native_offset" : "0x0",
    "filename" : "GTK_Demo_Client.exe",
    "sizeofimage" : "0xc000",
    "timestamp" : "0x5de33d17",
    "il_offset" : "0x0000c"
  }
,
 {
    "is_managed" : "true",
    "guid" : "BA70B917-36BD-40CB-990A-357097DBA9C3",
    "token" : "0x6001f16",
    "native_offset" : "0x0",
    "filename" : "mscorlib.dll",
    "sizeofimage" : "0x470000",
    "timestamp" : "0x8c371253",
    "il_offset" : "0x00014"
  }
,
 {
    "is_managed" : "true",
    "guid" : "BA70B917-36BD-40CB-990A-357097DBA9C3",
    "token" : "0x6001ebe",
    "native_offset" : "0x0",
    "filename" : "mscorlib.dll",
    "sizeofimage" : "0x470000",
    "timestamp" : "0x8c371253",
    "il_offset" : "0x00071"
  }
,
 {
    "is_managed" : "true",
    "guid" : "BA70B917-36BD-40CB-990A-357097DBA9C3",
    "token" : "0x6001ebc",
    "native_offset" : "0x0",
    "filename" : "mscorlib.dll",
    "sizeofimage" : "0x470000",
    "timestamp" : "0x8c371253",
    "il_offset" : "0x00000"
  }
,
 {
    "is_managed" : "true",
    "guid" : "BA70B917-36BD-40CB-990A-357097DBA9C3",
    "token" : "0x6001ebb",
    "native_offset" : "0x0",
    "filename" : "mscorlib.dll",
    "sizeofimage" : "0x470000",
    "timestamp" : "0x8c371253",
    "il_offset" : "0x0002b"
  }
,
 {
    "is_managed" : "true",
    "guid" : "BA70B917-36BD-40CB-990A-357097DBA9C3",
    "token" : "0x6001f18",
    "native_offset" : "0x0",
    "filename" : "mscorlib.dll",
    "sizeofimage" : "0x470000",
    "timestamp" : "0x8c371253",
    "il_offset" : "0x00008"
  }
,
 {
    "is_managed" : "true",
    "guid" : "BA70B917-36BD-40CB-990A-357097DBA9C3",
    "token" : "0x00000",
    "native_offset" : "0x0",
    "filename" : "mscorlib.dll",
    "sizeofimage" : "0x470000",
    "timestamp" : "0x8c371253",
    "il_offset" : "0xffffffff"
  }

 ],
"unmanaged_frames" : [
{
  "native_address" : "unregistered"
 }
,
{
  "native_address" : "unregistered"
 }
,
{
  "native_address" : "unregistered"
 }
,
{
  "native_address" : "unregistered"
 }
,
{
  "native_address" : "unregistered"
 }
,
{
  "native_address" : "unregistered"
 }
,
{
  "native_address" : "unregistered"
 }
,
{
  "native_address" : "unregistered"
 }
,
{
  "native_address" : "unregistered"
 }
,
{
  "native_address" : "unregistered"
 }
,
{
  "native_address" : "unregistered"
 }
,
{
  "native_address" : "unregistered"
 }
,
{
  "native_address" : "unregistered"
 }
,
{
  "native_address" : "unregistered"
 }
,
{
  "native_address" : "unregistered"
 }
,
{
  "native_address" : "unregistered"
 }
,
{
  "native_address" : "unregistered"
 }
,
{
  "native_address" : "unregistered"
 }
,
{
  "native_address" : "unregistered"
 }
,
{
  "native_address" : "unregistered"
 }
,
{
  "native_address" : "unregistered"
 }
,
{
  "native_address" : "unregistered"
 }
,
{
  "native_address" : "unregistered"
 }
,
{
  "native_address" : "unregistered"
 }
,
{
  "native_address" : "unregistered"
 }

]
},
{
"is_managed" : false,
"offset_free_hash" : "0x0",
"offset_rich_hash" : "0x0",
"crashed" : false,
"native_thread_id" : "0xffffffffb0eea000",
"thread_info_addr" : "0x790d0400",
"thread_name" : "Thread Pool I/O Selector",
"ctx" : {
  "IP" : "0xa7c032b2",
  "SP" : "0xb0ee9c5c",
  "BP" : "0xb0ee9e18"
},
"unmanaged_frames" : [
{
  "native_address" : "unregistered"
 }
,
{
  "native_address" : "unregistered"
 }
,
{
  "native_address" : "unregistered"
 }
,
{
  "native_address" : "unregistered"
 }
,
{
  "native_address" : "unregistered"
 }
,
{
  "native_address" : "unregistered"
 }
,
{
  "native_address" : "unregistered"
 }
,
{
  "native_address" : "unregistered"
 }
,
{
  "native_address" : "unregistered"
 }
,
{
  "native_address" : "unregistered"
 }
,
{
  "native_address" : "unregistered"
 }
,
{
  "native_address" : "unregistered"
 }

]
},
{
"is_managed" : false,
"offset_free_hash" : "0x0",
"offset_rich_hash" : "0x0",
"crashed" : false,
"native_thread_id" : "0xffffffffb09de000",
"thread_info_addr" : "0x7b02b000",
"thread_name" : "Debugger agent",
"ctx" : {
  "IP" : "0xa7bff3a6",
  "SP" : "0xb09ddaec",
  "BP" : "0xb09ddb18"
},
"unmanaged_frames" : [
{
  "native_address" : "unregistered"
 }
,
{
  "native_address" : "unregistered"
 }
,
{
  "native_address" : "unregistered"
 }
,
{
  "native_address" : "unregistered"
 }
,
{
  "native_address" : "unregistered"
 }
,
{
  "native_address" : "unregistered"
 }
,
{
  "native_address" : "unregistered"
 }
,
{
  "native_address" : "unregistered"
 }
,
{
  "native_address" : "unregistered"
 }
,
{
  "native_address" : "unregistered"
 }
,
{
  "native_address" : "unregistered"
 }
,
{
  "native_address" : "unregistered"
 }

]
},
{
"is_managed" : false,
"offset_free_hash" : "0x0",
"offset_rich_hash" : "0x0",
"crashed" : false,
"native_thread_id" : "0xffffffffb12f2000",
"thread_info_addr" : "0x798c5000",
"thread_name" : "Thread Pool Worker",
"ctx" : {
  "IP" : "0xa7bfc226",
  "SP" : "0xb12f1e6c",
  "BP" : "0xb12f1f08"
},
"unmanaged_frames" : [
{
  "native_address" : "unregistered"
 }
,
{
  "native_address" : "unregistered"
 }
,
{
  "native_address" : "unregistered"
 }
,
{
  "native_address" : "unregistered"
 }
,
{
  "native_address" : "unregistered"
 }
,
{
  "native_address" : "unregistered"
 }
,
{
  "native_address" : "unregistered"
 }
,
{
  "native_address" : "unregistered"
 }
,
{
  "native_address" : "unregistered"
 }
,
{
  "native_address" : "unregistered"
 }

]
},
{
"is_managed" : false,
"offset_free_hash" : "0x0",
"offset_rich_hash" : "0x0",
"crashed" : false,
"native_thread_id" : "0xffffffffb0fec000",
"thread_info_addr" : "0x7a885000",
"thread_name" : "tid_9a03",
"ctx" : {
  "IP" : "0xa7bff7aa",
  "SP" : "0xb0febd7c",
  "BP" : "0xb0febdf8"
},
"unmanaged_frames" : [
{
  "native_address" : "unregistered"
 }
,
{
  "native_address" : "unregistered"
 }
,
{
  "native_address" : "unregistered"
 }
,
{
  "native_address" : "unregistered"
 }
,
{
  "native_address" : "unregistered"
 }
,
{
  "native_address" : "unregistered"
 }
,
{
  "native_address" : "unregistered"
 }
,
{
  "native_address" : "unregistered"
 }
,
{
  "native_address" : "unregistered"
 }
,
{
  "native_address" : "unregistered"
 }
,
{
  "native_address" : "unregistered"
 }
,
{
  "native_address" : "unregistered"
 }
,
{
  "native_address" : "unregistered"
 }
,
{
  "native_address" : "unregistered"
 }

]
},
{
"is_managed" : true,
"offset_free_hash" : "0x24ce3bd06",
"offset_rich_hash" : "0x24ce3bd64",
"crashed" : true,
"native_thread_id" : "0x551080",
"thread_info_addr" : "0x79828a00",
"thread_name" : "tid_303",
"ctx" : {
  "IP" : "0x2521063",
  "SP" : "0xbffb5d30",
  "BP" : "0xbffb5d78"
},
"managed_frames" : [
{
  "native_address" : "unregistered"
 }
,
{
  "is_managed" : "true",
  "guid" : "426A4590-353F-4268-97D5-A3E1EB51B9B8",
  "token" : "0x00000",
  "native_offset" : "0x0",
  "filename" : "gtk-sharp.dll",
  "sizeofimage" : "0x16a000",
  "timestamp" : "0x0",
  "il_offset" : "0xffffffff"
 }
,
{
  "is_managed" : "true",
  "guid" : "426A4590-353F-4268-97D5-A3E1EB51B9B8",
  "token" : "0x6004038",
  "native_offset" : "0x0",
  "filename" : "gtk-sharp.dll",
  "sizeofimage" : "0x16a000",
  "timestamp" : "0x0",
  "il_offset" : "0x00001"
 }
,
{
  "is_managed" : "true",
  "guid" : "0E250745-9E6F-4AA8-BFCF-C98128A43912",
  "token" : "0x600000c",
  "native_offset" : "0x0",
  "filename" : "GTK_Demo_Client.exe",
  "sizeofimage" : "0xc000",
  "timestamp" : "0x5de33d17",
  "il_offset" : "0x0005f"
 }
,
{
  "is_managed" : "true",
  "guid" : "0E250745-9E6F-4AA8-BFCF-C98128A43912",
  "token" : "0x00000",
  "native_offset" : "0x0",
  "filename" : "GTK_Demo_Client.exe",
  "sizeofimage" : "0xc000",
  "timestamp" : "0x5de33d17",
  "il_offset" : "0xffffffff"
 }

]
},
{
"is_managed" : true,
"offset_free_hash" : "0x62a02a4ec",
"offset_rich_hash" : "0x62a02a653",
"crashed" : false,
"native_thread_id" : "0xffffffffb0ae0000",
"thread_info_addr" : "0x79041c00",
"thread_name" : "tid_2703",
"ctx" : {
  "IP" : "0x60eeb14",
  "SP" : "0xb0adfb20",
  "BP" : "0xb0adfb88"
},
"managed_frames" : [
{
  "is_managed" : "true",
  "guid" : "0E250745-9E6F-4AA8-BFCF-C98128A43912",
  "token" : "0x6000030",
  "native_offset" : "0x0",
  "filename" : "GTK_Demo_Client.exe",
  "sizeofimage" : "0xc000",
  "timestamp" : "0x5de33d17",
  "il_offset" : "0x0000d"
 }
,
{
  "is_managed" : "true",
  "guid" : "0E250745-9E6F-4AA8-BFCF-C98128A43912",
  "token" : "0x600002f",
  "native_offset" : "0x0",
  "filename" : "GTK_Demo_Client.exe",
  "sizeofimage" : "0xc000",
  "timestamp" : "0x5de33d17",
  "il_offset" : "0x000a3"
 }
,
{
  "is_managed" : "true",
  "guid" : "BA70B917-36BD-40CB-990A-357097DBA9C3",
  "token" : "0x6001f16",
  "native_offset" : "0x0",
  "filename" : "mscorlib.dll",
  "sizeofimage" : "0x470000",
  "timestamp" : "0x8c371253",
  "il_offset" : "0x00014"
 }
,
{
  "is_managed" : "true",
  "guid" : "BA70B917-36BD-40CB-990A-357097DBA9C3",
  "token" : "0x6001ebe",
  "native_offset" : "0x0",
  "filename" : "mscorlib.dll",
  "sizeofimage" : "0x470000",
  "timestamp" : "0x8c371253",
  "il_offset" : "0x00071"
 }
,
{
  "is_managed" : "true",
  "guid" : "BA70B917-36BD-40CB-990A-357097DBA9C3",
  "token" : "0x6001ebc",
  "native_offset" : "0x0",
  "filename" : "mscorlib.dll",
  "sizeofimage" : "0x470000",
  "timestamp" : "0x8c371253",
  "il_offset" : "0x00000"
 }
,
{
  "is_managed" : "true",
  "guid" : "BA70B917-36BD-40CB-990A-357097DBA9C3",
  "token" : "0x6001ebb",
  "native_offset" : "0x0",
  "filename" : "mscorlib.dll",
  "sizeofimage" : "0x470000",
  "timestamp" : "0x8c371253",
  "il_offset" : "0x0002b"
 }
,
{
  "is_managed" : "true",
  "guid" : "BA70B917-36BD-40CB-990A-357097DBA9C3",
  "token" : "0x6001f18",
  "native_offset" : "0x0",
  "filename" : "mscorlib.dll",
  "sizeofimage" : "0x470000",
  "timestamp" : "0x8c371253",
  "il_offset" : "0x00008"
 }
,
{
  "is_managed" : "true",
  "guid" : "BA70B917-36BD-40CB-990A-357097DBA9C3",
  "token" : "0x00000",
  "native_offset" : "0x0",
  "filename" : "mscorlib.dll",
  "sizeofimage" : "0x470000",
  "timestamp" : "0x8c371253",
  "il_offset" : "0xffffffff"
 }

],
"unmanaged_frames" : [
{
"native_address" : "unregistered"
}
,
{
"native_address" : "unregistered"
}
,
{
"native_address" : "unregistered"
}
,
{
"native_address" : "unregistered"
}
,
{
"native_address" : "unregistered"
}
,
{
"native_address" : "unregistered"
}
,
{
"native_address" : "unregistered"
}
,
{
"native_address" : "unregistered"
}
,
{
"native_address" : "unregistered"
}
,
{
"native_address" : "unregistered"
}
,
{
"native_address" : "unregistered"
}
,
{
"native_address" : "unregistered"
}
,
{
"native_address" : "unregistered"
}
,
{
"native_address" : "unregistered"
}
,
{
"native_address" : "unregistered"
}
,
{
"native_address" : "unregistered"
}
,
{
"native_address" : "unregistered"
}
,
{
"native_address" : "unregistered"
}
,
{
"native_address" : "unregistered"
}
,
{
"native_address" : "unregistered"
}
,
{
"native_address" : "unregistered"
}

]
}
]
}